date,equity,cash,invested,num_positions,pct_invested
2020-03-19,980000.0,0,1960000.0,1,100
2020-03-20,858555.2803016182,0,1838555.2803016182,1,100
2020-03-23,834773.4090246463,0,1814773.4090246463,1,100
2020-03-24,926524.1496704123,0,1906524.1496704123,1,100
2020-03-25,924132.6838837282,0,1904132.6838837282,1,100
2020-03-26,1080617.3772786674,0,2060617.3772786674,1,100
2020-03-27,1005330.1040922282,0,1985330.1040922282,1,100
2020-03-30,1156326.6482084612,0,2136326.6482084612,1,100
2020-03-31,1162518.490161941,0,2142518.490161941,1,100
2020-04-01,1128041.2527436935,0,2108041.2527436935,1,100
2020-04-02,1186571.0608999613,0,2373142.1217999225,1,100
2020-04-03,1120565.6518294872,0,2307136.7127294485,1,100
2020-04-06,1272240.8139768038,0,2458811.874876765,1,100
2020-04-07,1224071.018019145,0,2410642.078919106,1,100
2020-04-08,1325441.094865033,0,2512012.155764994,1,100
2020-04-09,1297088.3321495317,0,2483659.393049493,1,100
2020-04-13,1250594.5778496373,0,2437165.6387495985,1,100
2020-04-14,1360502.0361389625,0,2547073.0970389238,1,100
2020-04-15,1328794.5941549279,0,2515365.655054889,1,100
2020-04-16,1340611.874900678,0,2681223.749801356,3,100
2020-04-17,1359020.8979459766,0,2699632.7728466545,3,100
2020-04-20,1381931.9052636207,0,2722543.7801642986,3,100
2020-04-21,1334802.9019107164,0,2675414.7768113944,3,100
2020-04-22,1402873.5417064747,0,2743485.4166071527,3,100
2020-04-23,1506118.7005083675,0,2846730.5754090454,3,100
2020-04-24,1578969.4084494293,0,2919581.2833501073,3,100
2020-04-27,1588438.8014271616,0,2929050.6763278395,3,100
2020-04-28,1557301.2714125311,0,2897913.146313209,3,100
2020-04-29,1526616.9731942809,0,2867228.848094959,3,100
2020-04-30,1440281.663363949,0,2880563.326727898,4,100
2020-05-01,1451197.467173472,0,2891479.130537421,4,100
2020-05-04,1481523.1518885144,0,2921804.8152524633,4,100
2020-05-05,1546873.6255079438,0,2987155.2888718927,4,100
2020-05-06,1534514.088083529,0,2974795.751447478,4,100
2020-05-07,1561407.8626270639,0,3001689.525991013,4,100
2020-05-08,1585376.2692705197,0,3025657.9326344687,4,100
2020-05-11,1652580.1788937808,0,3092861.8422577297,4,100
2020-05-12,1632449.5797091955,0,3072731.2430731445,4,100
2020-05-13,1640084.1349723148,0,3080365.7983362637,4,100
2020-05-14,1675022.6847596616,0,3350045.369519323,6,100
2020-05-15,1709676.667016096,0,3384699.3517757575,6,100
2020-05-18,1719861.5267806472,0,3394884.211540309,6,100
2020-05-19,1687591.3994751498,0,3362614.0842348114,6,100
2020-05-20,1661978.0663002422,0,3337000.7510599038,6,100
2020-05-21,1619106.9907033718,0,3294129.6754630334,6,100
2020-05-22,1609472.4017970068,0,3284495.0865566684,6,100
2020-05-26,1539671.0080013173,0,3214693.692760979,6,100
2020-05-27,1544957.3797304365,0,3219980.064490098,6,100
2020-05-28,1539330.3597048428,0,3078660.719409686,6,100
2020-05-29,1580929.7687225663,0,3120260.1284274096,6,100
2020-06-01,1582650.9224099298,0,3121981.282114773,6,100
2020-06-02,1572059.0068928339,0,3111389.366597677,6,100
2020-06-03,1557491.404275728,0,3096821.763980571,6,100
2020-06-04,1535870.8895947216,0,3075201.249299565,6,100
2020-06-05,1535367.7223069374,0,3074698.0820117807,6,100
2020-06-08,1557656.182728028,0,3096986.542432871,6,100
2020-06-09,1582373.9346689824,0,3121704.2943738257,6,100
2020-06-10,1630088.0146769132,0,3169418.3743817564,6,100
2020-06-11,1482106.0895517361,0,2964212.1791034723,4,100
2020-06-12,1470333.7020353996,0,2952439.7915871358,4,100
2020-06-15,1540034.660945775,0,3022140.750497511,4,100
2020-06-16,1554755.5903166113,0,3036861.6798683475,4,100
2020-06-17,1563406.9796211668,0,3045513.069172903,4,100
2020-06-18,1577511.6649296037,0,3059617.75448134,4,100
2020-06-19,1616815.9578979313,0,3098922.0474496675,4,100
2020-06-22,1655917.9273487632,0,3138024.0169004994,4,100
2020-06-23,1668266.9563939064,0,3150373.0459456425,4,100
2020-06-24,1638753.6707310244,0,3120859.7602827605,4,100
2020-06-25,1653300.4443694237,0,3306600.8887388464,12,100
2020-06-26,1615608.737174882,0,3268909.181544305,12,100
2020-06-29,1645642.4344752538,0,3298942.8788446765,12,100
2020-06-30,1707814.5433538728,0,3361114.9877232956,12,100
2020-07-01,1713128.332501084,0,3366428.776870507,12,100
2020-07-02,1729829.3270714167,0,3383129.7714408394,12,100
2020-07-06,1767422.859218595,0,3420723.303588018,12,100
2020-07-07,1764230.0435277112,0,3417530.487897134,12,100
2020-07-08,1790884.3143948913,0,3444184.758764314,12,100
2020-07-09,1748797.4292817686,0,3497594.858563538,12,100
2020-07-10,1733544.0993483013,0,3482341.528630071,12,100
2020-07-13,1700712.3224190685,0,3449509.751700838,12,100
2020-07-14,1757816.5553101848,0,3506613.9845919544,12,100
2020-07-15,1785661.242071341,0,3534458.6713531106,12,100
2020-07-16,1771461.739367266,0,3520259.1686490355,12,100
2020-07-17,1804589.801902123,0,3553387.2311838926,12,100
2020-07-20,1836599.362640402,0,3585396.7919221716,12,100
2020-07-21,1822127.1264084156,0,3570924.555690185,12,100
2020-07-22,1853955.5244212428,0,3602752.9537030123,12,100
2020-07-23,1777794.111623227,0,3555588.2232464547,12,100
2020-07-24,1760217.5378210868,0,3538011.6494443147,12,100
2020-07-27,1808735.3411077594,0,3586529.452730987,12,100
2020-07-28,1796494.8170969917,0,3574288.9287202195,12,100
2020-07-29,1821713.449743651,0,3599507.561366879,12,100
2020-07-30,1788105.7962438709,0,3565899.9078670987,12,100
2020-07-31,1831876.2164519134,0,3609670.328075141,12,100
2020-08-03,1876644.1211873146,0,3654438.2328105425,12,100
2020-08-04,1877641.2606187516,0,3655435.3722419795,12,100
2020-08-05,1878958.6103695312,0,3656752.721992759,12,100
2020-08-06,1863798.1750153147,0,3727596.3500306285,12,100
2020-08-07,1836252.7463162828,0,3700050.9213315966,12,100
2020-08-10,1816978.0600546699,0,3680776.2350699836,12,100
2020-08-11,1754436.2615058504,0,3618234.436521164,12,100
2020-08-12,1839809.5860580334,0,3703607.761073347,12,100
2020-08-13,1840242.6249500688,0,3704040.7999653826,12,100
2020-08-14,1835289.8530750803,0,3699088.028090394,12,100
2020-08-17,1887724.938877595,0,3751523.1138929087,12,100
2020-08-18,1894127.8025864104,0,3757925.977601724,12,100
2020-08-19,1934939.5060487662,0,3798737.68106408,12,100
2020-08-20,1907218.9374715367,0,3814437.874943074,12,100
2020-08-21,1916136.4404615865,0,3823355.3779331236,12,100
2020-08-24,1931056.8733619254,0,3838275.8108334625,12,100
2020-08-25,1927086.8084854444,0,3834305.7459569816,12,100
2020-08-26,1967029.8181867755,0,3874248.7556583127,12,100
2020-08-27,1954535.3295294952,0,3861754.2670010324,12,100
2020-08-28,1987131.4512741559,0,3894350.388745693,12,100
2020-08-31,2021896.624493508,0,3929115.561965045,12,100
2020-09-01,2048365.3957037234,0,3955584.3331752606,12,100
2020-09-02,2086948.1833081187,0,3994167.120779656,12,100
2020-09-03,1860109.604733995,0,3720219.209467991,12,100
2020-09-04,1834453.9253903849,0,3694563.5301243807,12,100
2020-09-08,1731399.9101935348,0,3591509.5149275307,12,100
2020-09-09,1841193.58740054,0,3701303.192134536,12,100
2020-09-10,1766647.6270531744,0,3626757.2317871703,12,100
2020-09-11,1778121.1865878028,0,3638230.7913217987,12,100
2020-09-14,1834344.1403352988,0,3694453.7450692947,12,100
2020-09-15,1868193.494500735,0,3728303.099234731,12,100
2020-09-16,1844868.0450074,0,3704977.649741396,12,100
2020-09-17,1789992.8753702906,0,3579985.7507405807,12,100
2020-09-18,1741339.6934220274,0,3531332.5687923175,12,100
2020-09-21,1712719.4477272946,0,3502712.323097585,12,100
2020-09-22,1750906.1682802397,0,3540899.04365053,12,100
2020-09-23,1606216.734169898,0,3396209.609540188,12,100
2020-09-24,1646253.4399989513,0,3436246.3153692414,12,100
2020-09-25,1695809.8132416354,0,3485802.6886119256,12,100
2020-09-28,1753554.894873065,0,3543547.770243355,12,100
2020-09-29,1745043.2906502364,0,3535036.1660205266,12,100
2020-09-30,1786474.6127755106,0,3576467.488145801,12,100
2020-10-01,1752334.7837030247,0,3504669.567406049,12,100
2020-10-02,1722628.6975927728,0,3474963.481295797,12,100
2020-10-05,1802661.6315990344,0,3554996.4153020587,12,100
2020-10-06,1738490.4543800873,0,3490825.2380831116,12,100
2020-10-07,1818882.7337563422,0,3571217.5174593665,12,100
2020-10-08,1822245.9806969503,0,3574580.7643999746,12,100
2020-10-09,1878431.3316323257,0,3630766.11533535,12,100
2020-10-12,1920529.2982756596,0,3672864.081978684,12,100
2020-10-13,1899179.882883367,0,3651514.666586391,12,100
2020-10-14,1877316.4845881665,0,3629651.2682911907,12,100
2020-10-15,1841259.080006093,0,3682518.160012185,12,100
2020-10-16,1836005.269116304,0,3677264.349122396,12,100
2020-10-19,1780886.8262724492,0,3622145.9062785413,12,100
2020-10-20,1808203.5115192563,0,3649462.5915253484,12,100
2020-10-21,1800578.2337953618,0,3641837.313801454,12,100
2020-10-22,1781658.2340255782,0,3622917.3140316703,12,100
2020-10-23,1794106.9949133524,0,3635366.0749194445,12,100
2020-10-26,1729136.942260571,0,3570396.022266663,12,100
2020-10-27,1754703.1494168716,0,3595962.2294229637,12,100
2020-10-28,1616614.1301862306,0,3457873.2101923227,12,100
2020-10-29,1637712.7107718603,0,3275425.4215437206,12,100
2020-10-30,1593739.9810648633,0,3231452.6918367236,12,100
2020-11-02,1655359.5470174805,0,3293072.257789341,12,100
2020-11-03,1712551.260840263,0,3350263.9716121233,12,100
2020-11-04,1736707.2223842356,0,3374419.933156096,12,100
2020-11-05,1868968.5896365417,0,3506681.300408402,12,100
2020-11-06,1910424.0442673832,0,3548136.7550392435,12,100
2020-11-09,1822313.4718072906,0,3460026.182579151,12,100
2020-11-10,1811524.878602817,0,3449237.5893746773,12,100
2020-11-11,1865659.4949787853,0,3503372.2057506456,12,100
2020-11-12,1819615.3943102718,0,3639230.788620543,12,100
2020-11-13,1860347.6723310817,0,3679963.066641353,12,100
2020-11-16,1924713.646087294,0,3744329.0403975653,12,100
2020-11-17,1895266.0280228276,0,3714881.422333099,12,100
2020-11-18,1824571.3199731824,0,3644186.7142834538,12,100
2020-11-19,1834472.3396855975,0,3654087.733995869,12,100
2020-11-20,1842390.6781878625,0,3662006.072498134,12,100
2020-11-23,1850743.4784854846,0,3670358.872795756,12,100
2020-11-24,1874136.6497310651,0,3693752.0440413365,12,100
2020-11-25,1875189.3645114154,0,3694804.7588216867,12,100
2020-11-27,1873132.4605994949,0,3746264.9211989907,12,100
2020-11-30,1875348.0553648465,0,3748480.5159643423,12,100
2020-12-01,1898926.049395981,0,3772058.509995477,12,100
2020-12-02,1907499.4831575623,0,3780631.943757058,12,100
2020-12-03,1887045.463825022,0,3760177.924424518,12,100
2020-12-04,1922830.6065181915,0,3795963.0671176873,12,100
2020-12-07,1931128.779433103,0,3804261.240032599,12,100
2020-12-08,1945189.4411316959,0,3818321.9017311917,12,100
2020-12-09,1911731.6328358708,0,3784864.0934353666,12,100
2020-12-10,1902942.0187263202,0,3776074.479325816,12,100
2020-12-11,1835358.7610956724,0,3670717.522191344,12,100
2020-12-14,1798964.6910863374,0,3634323.452182009,12,100
2020-12-15,1868486.9307759344,0,3703845.691871606,12,100
2020-12-16,1884304.4465808854,0,3719663.207676557,12,100
2020-12-17,1927683.4796795337,0,3763042.240775205,12,100
2020-12-18,1914571.055793128,0,3749929.8168887994,12,100
2020-12-21,1941155.2762874188,0,3776514.0373830902,12,100
2020-12-22,1954731.9136618846,0,3790090.674757556,12,100
2020-12-23,1967790.5753543167,0,3803149.336449988,12,100
2020-12-24,1983021.6736009102,0,3818380.4346965817,12,100
2020-12-28,1946259.759720133,0,3892519.519440267,12,100
2020-12-29,1923841.1670655876,0,3870100.9267857214,12,100
2020-12-30,1958626.1896211428,0,3904885.9493412767,12,100
2020-12-31,1968579.761501652,0,3914839.521221786,12,100
2021-01-04,1963760.0962010163,0,3910019.85592115,12,100
2021-01-05,2033104.6200392356,0,3979364.3797593694,12,100
2021-01-06,2103695.2750429865,0,4049955.0347631206,12,100
2021-01-07,2210177.5493796244,0,4156437.3090997585,12,100
2021-01-08,2207506.798535304,0,4153766.5582554378,12,100
2021-01-11,2130437.2941166894,0,4260874.588233379,12,100
2021-01-12,2160488.3006351446,0,4290925.594751834,12,100
2021-01-13,2151025.306305641,0,4281462.60042233,12,100
2021-01-14,2171166.4338533445,0,4301603.727970034,12,100
2021-01-15,2092261.286905169,0,4222698.581021858,12,100
2021-01-19,2132674.2462130156,0,4263111.540329705,12,100
2021-01-20,2163662.38711267,0,4294099.6812293595,12,100
2021-01-21,2157226.3040497717,0,4287663.598166461,12,100
2021-01-22,2143020.7055437327,0,4273457.999660422,12,100
2021-01-25,2074225.4725685709,0,4148450.945137141,12,100
2021-01-26,2034288.0651877976,0,4108513.5377563676,12,100
2021-01-27,1886233.2472816382,0,3960458.719850208,12,100
2021-01-28,1950022.0515380322,0,4024247.524106602,12,100
2021-01-29,1891949.2169418966,0,3966174.6895104665,12,100
2021-02-01,1938404.7486639272,0,4012630.221232497,12,100
2021-02-02,1976807.470008338,0,4051032.942576908,12,100
2021-02-03,1953343.8360533004,0,4027569.3086218704,12,100
2021-02-04,1955045.30459051,0,4029270.77715908,12,100
2021-02-05,1993226.443444412,0,4067451.916012982,12,100
2021-02-08,2014819.6409207773,0,4029639.2818415547,12,100
2021-02-09,2001550.8674111208,0,4016370.508331898,12,100
2021-02-10,1976089.39163122,0,3990909.0325519973,12,100
2021-02-11,1973553.7603535047,0,3988373.401274282,12,100
2021-02-12,2001529.0363967265,0,4016348.677317504,12,100
2021-02-16,2006024.2573025892,0,4020843.8982233666,12,100
2021-02-17,1996201.0621821624,0,4011020.7031029398,12,100
2021-02-18,1937725.8562852377,0,3952545.497206015,12,100
2021-02-19,2045206.3466158174,0,4060025.9875365947,12,100
2021-02-22,1996288.068289437,0,3992576.136578875,12,100
2021-02-23,1983530.413240709,0,3979818.481530147,12,100
2021-02-24,2042286.0637592745,0,4038574.1320487126,12,100
2021-02-25,1949478.2459730853,0,3945766.3142625233,12,100
2021-02-26,1941584.0606863152,0,3937872.128975753,12,100
2021-03-01,2023700.146523095,0,4019988.214812533,12,100
2021-03-02,1969375.0103008382,0,3965663.078590276,12,100
2021-03-03,1899657.2808327272,0,3895945.3491221652,12,100
2021-03-04,1803838.5314595208,0,3800126.599748959,12,100
2021-03-05,1895675.2411404091,0,3891963.309429847,12,100
2021-03-08,1803788.399303293,0,3607576.7986065876,12,100
2021-03-09,1774839.620769201,0,3578628.0200724956,12,100
2021-03-10,1847234.0406523573,0,3651022.4399556518,12,100
2021-03-11,1893761.1278726498,0,3697549.5271759443,12,100
2021-03-12,1951847.7631759753,0,3755636.16247927,12,100
2021-03-15,1925262.4660583881,0,3729050.8653616826,12,100
2021-03-16,1873277.5155319183,0,3677065.9148352128,12,100
2021-03-17,1926178.587475214,0,3729966.9867785084,12,100
2021-03-18,1923263.9783604366,0,3727052.377663731,12,100
2021-03-19,1893978.0792248386,0,3697766.478528133,12,100
2021-03-22,1830281.918188439,0,3660563.8363768775,12,100
2021-03-23,1720091.6057028498,0,3550373.5238912883,12,100
2021-03-24,1728043.10353599,0,3558325.0217244285,12,100
2021-03-25,1793728.4315578432,0,3624010.3497462817,12,100
2021-03-26,1872633.1202039088,0,3702915.0383923473,12,100
2021-03-29,1788506.5748654266,0,3618788.493053865,12,100
2021-03-30,1842408.3826970288,0,3672690.3008854673,12,100
2021-03-31,1816861.5166827936,0,3647143.434871232,12,100
2021-04-01,1877717.4687037396,0,3707999.386892178,12,100
2021-04-05,1827606.0980894063,0,3655212.196178812,12,100
2021-04-06,1829168.9035255685,0,3656775.0016149743,12,100
2021-04-07,1800777.1857758681,0,3628383.283865274,12,100
2021-04-08,1801335.1832880196,0,3628941.2813774254,12,100
2021-04-09,1826073.8652186557,0,3653679.9633080615,12,100
2021-04-12,1838113.9811175908,0,3665720.0792069966,12,100
2021-04-13,1806021.969545051,0,3633628.067634457,12,100
2021-04-14,1876267.1122522298,0,3703873.2103416356,12,100
2021-04-15,1875649.5806115246,0,3703255.6787009304,12,100
2021-04-16,1892917.525786852,0,3720523.623876258,12,100
2021-04-19,1843015.1901599264,0,3686030.380319854,12,100
2021-04-20,1723248.254719895,0,3566263.4448798224,12,100
2021-04-21,1800079.867688657,0,3643095.0578485844,12,100
2021-04-22,1717759.676772984,0,3560774.8669329113,12,100
2021-04-23,1813921.8276039085,0,3656937.017763836,12,100
2021-04-26,1890472.8473170593,0,3733488.0374769866,12,100
2021-04-27,1901495.45385886,0,3744510.6440187874,12,100
2021-04-28,1927157.0693309067,0,3770172.259490834,12,100
2021-04-29,1956790.272248905,0,3799805.4624088323,12,100
2021-04-30,1921876.305115462,0,3764891.4952753894,12,100
2021-05-03,1923423.3855372116,0,3846846.7710744236,12,100
2021-05-04,1975508.871397034,0,3898932.256934246,12,100
2021-05-05,2045930.323352697,0,3969353.708889909,12,100
2021-05-06,2070998.0764122808,0,3994421.461949493,12,100
2021-05-07,2151741.4556032186,0,4075164.8411404304,12,100
2021-05-10,2135956.59594059,0,4059379.9814778017,12,100
2021-05-11,2113592.688432958,0,4037016.0739701698,12,100
2021-05-12,2012383.1736182456,0,3935806.5591554577,12,100
2021-05-13,2093282.768981435,0,4016706.154518647,12,100
2021-05-14,2167828.5098049315,0,4091251.8953421433,12,100
2021-05-17,2153949.6860749433,0,4307899.372149887,12,100
2021-05-18,2084042.7123306217,0,4237992.398405565,12,100
2021-05-19,2025971.630632815,0,4179921.3167077582,12,100
2021-05-20,2025613.2870536256,0,4179562.973128569,12,100
2021-05-21,2058816.833661574,0,4212766.519736517,12,100
2021-05-24,2076548.1774409534,0,4230497.863515897,12,100
2021-05-25,2018847.0356982024,0,4172796.7217731457,12,100
2021-05-26,2063726.1219108552,0,4217675.807985798,12,100
2021-05-27,2152573.953263608,0,4306523.639338551,12,100
2021-05-28,2152698.2024263693,0,4306647.888501313,12,100
2021-06-01,2176378.0386473313,0,4352756.077294662,12,100
2021-06-02,2131174.7957032723,0,4307552.834350603,12,100
2021-06-03,2135221.988700729,0,4311600.027348059,12,100
2021-06-04,2137716.8880085004,0,4314094.926655831,12,100
2021-06-07,2110272.8527147323,0,4286650.891362063,12,100
2021-06-08,2121222.828798699,0,4297600.86744603,12,100
2021-06-09,2040080.3870888539,0,4216458.425736184,12,100
2021-06-10,1982982.176653353,0,4159360.2153006834,12,100
2021-06-11,2014335.1957744388,0,4190713.234421769,12,100
2021-06-14,1933326.2476702468,0,4109704.286317577,12,100
2021-06-15,1895110.4056458347,0,3790220.811291671,12,100
2021-06-16,1884119.2556042378,0,3779229.661250074,12,100
2021-06-17,1764567.3317115442,0,3659677.7373573803,12,100
2021-06-18,1692321.0921695828,0,3587431.497815419,12,100
2021-06-21,1787762.1295391792,0,3682872.5351850153,12,100
2021-06-22,1802666.7948284321,0,3697777.2004742683,12,100
2021-06-23,1817716.8449737346,0,3712827.2506195707,12,100
2021-06-24,1863310.8071237477,0,3758421.212769584,12,100
2021-06-25,1880906.334226056,0,3776016.739871892,12,100
2021-06-28,1846002.362419583,0,3741112.768065419,12,100
2021-06-29,1822211.795117053,0,3644423.590234107,12,100
2021-06-30,1848373.0686794317,0,3670584.8637964856,12,100
2021-07-01,1872769.517496288,0,3694981.312613342,12,100
2021-07-02,1862853.862485828,0,3685065.657602882,12,100
2021-07-06,1786486.7329775293,0,3608698.528094583,12,100
2021-07-07,1802236.948388579,0,3624448.743505633,12,100
2021-07-08,1734037.2022260858,0,3556248.9973431397,12,100
2021-07-09,1842506.0500252226,0,3664717.8451422765,12,100
2021-07-12,1899343.6014781676,0,3721555.3965952215,12,100
2021-07-13,1816245.8371841393,0,3632491.674368279,12,100
2021-07-14,1783554.27396637,0,3599800.1111505097,12,100
2021-07-15,1803215.9566270637,0,3619461.7938112034,12,100
2021-07-16,1708824.14523228,0,3525069.98241642,12,100
2021-07-19,1615053.3335711758,0,3431299.1707553156,12,100
2021-07-20,1716874.8564965592,0,3533120.693680699,12,100
2021-07-21,1788913.4186950165,0,3605159.2558791563,12,100
2021-07-22,1759792.8444571893,0,3576038.681641329,12,100
2021-07-23,1772416.2081436247,0,3588662.0453277645,12,100
2021-07-26,1820804.7029936833,0,3637050.540177823,12,100
2021-07-27,1751723.2187394123,0,3503446.437478824,12,100
2021-07-28,1760569.4176739636,0,3512292.6364133754,12,100
2021-07-29,1824684.8619999727,0,3576408.0807393845,12,100
2021-07-30,1804286.549727955,0,3556009.7684673667,12,100
2021-08-02,1766814.99100404,0,3518538.209743452,12,100
2021-08-03,1823718.2640611087,0,3575441.4828005205,12,100
2021-08-04,1788263.469025928,0,3539986.68776534,12,100
2021-08-05,1834410.3483091644,0,3586133.567048576,12,100
2021-08-06,1913848.5449971352,0,3665571.763736547,12,100
2021-08-09,1938593.7966372706,0,3690317.0153766824,12,100
2021-08-10,1997714.1567092806,0,3995428.3134185616,12,100
2021-08-11,2048560.1365378585,0,4046274.2932471395,12,100
2021-08-12,2067913.395653325,0,4065627.552362606,12,100
2021-08-13,2033642.498369578,0,4031356.655078859,12,100
2021-08-16,1982940.924118527,0,3980655.080827808,12,100
2021-08-17,1892462.4086344994,0,3890176.5653437804,12,100
2021-08-18,1855327.3942623648,0,3853041.550971646,12,100
2021-08-19,1785103.9463728273,0,3782818.1030821083,12,100
2021-08-20,1818040.6335613711,0,3815754.790270652,12,100
2021-08-23,1884337.1579041935,0,3882051.3146134745,12,100
2021-08-24,1905005.7464387652,0,3810011.4928775313,12,100
2021-08-25,1943999.187869273,0,3849004.934308039,12,100
2021-08-26,1905971.8192169962,0,3810977.5656557623,12,100
2021-08-27,1987102.7114695709,0,3892108.457908337,12,100
2021-08-30,1939830.3236984413,0,3844836.0701372074,12,100
2021-08-31,1915052.9912144004,0,3820058.7376531665,12,100
2021-09-01,1882832.139150188,0,3787837.885588954,12,100
2021-09-02,1920753.741538794,0,3825759.48797756,12,100
2021-09-03,1894764.435686046,0,3799770.182124812,12,100
2021-09-07,1834520.0066932663,0,3669040.013386532,12,100
2021-09-08,1781223.9470175938,0,3615743.9537108596,12,100
2021-09-09,1805924.4294335167,0,3640444.4361267826,12,100
2021-09-10,1793006.5773919178,0,3627526.5840851837,12,100
2021-09-13,1833608.3147196607,0,3668128.3214129265,12,100
2021-09-14,1773921.6805604901,0,3608441.687253756,12,100
2021-09-15,1863042.5000786898,0,3697562.5067719556,12,100
2021-09-16,1819407.036961046,0,3653927.043654312,12,100
2021-09-17,1770205.6727158353,0,3604725.679409101,12,100
2021-09-20,1643734.3629249246,0,3478254.3696181905,12,100
2021-09-21,1591323.0871635869,0,3182646.1743271747,12,100
2021-09-22,1680468.7620479728,0,3271791.8492115606,12,100
2021-09-23,1775560.5861924973,0,3366883.673356085,12,100
2021-09-24,1791131.6076091283,0,3382454.694772716,12,100
2021-09-27,1882227.8863310285,0,3473550.9734946163,12,100
2021-09-28,1829594.5388646207,0,3420917.6260282085,12,100
2021-09-29,1817024.9338506164,0,3408348.0210142042,12,100
2021-09-30,1756707.6065785757,0,3348030.6937421635,12,100
2021-10-01,1821090.1402361414,0,3412413.227399729,12,100
2021-10-04,1811910.047141974,0,3403233.134305562,12,100
2021-10-05,1835468.0362965863,0,3670936.0725931725,12,100
2021-10-06,1808236.0208379377,0,3643704.057134524,12,100
2021-10-07,1827556.0853626945,0,3663024.1216592807,12,100
2021-10-08,1874670.1452346498,0,3710138.181531236,12,100
2021-10-11,1844990.0240400813,0,3680458.0603366676,12,100
2021-10-12,1844055.4738222288,0,3679523.510118815,12,100
2021-10-13,1835876.836777265,0,3671344.873073851,12,100
2021-10-14,1889509.113551106,0,3724977.1498476923,12,100
2021-10-15,1904443.2511423884,0,3739911.2874389747,12,100
2021-10-18,1925307.7450641536,0,3760775.78136074,12,100
2021-10-19,1910937.651862009,0,3821875.3037240193,12,100
2021-10-20,1949245.2537800441,0,3860182.9056420545,12,100
2021-10-21,1914786.6748793023,0,3825724.3267413126,12,100
2021-10-22,1936546.9979715468,0,3847484.649833557,12,100
2021-10-25,2015818.0318085677,0,3926755.683670578,12,100
2021-10-26,2014165.7187673817,0,3925103.370629392,12,100
2021-10-27,1884206.9648033567,0,3795144.616665367,12,100
2021-10-28,1947489.3771696677,0,3858427.029031678,12,100
2021-10-29,1928503.7402100828,0,3839441.392072093,12,100
2021-11-01,1977202.596367476,0,3888140.2482294864,12,100
2021-11-02,1900130.1973145385,0,3800260.3946290785,12,100
2021-11-03,1878985.7864350034,0,3779115.9837495433,12,100
2021-11-04,1868120.6984834266,0,3768250.8957979665,12,100
2021-11-05,1905859.7475654897,0,3805989.9448800297,12,100
2021-11-08,1975707.5397735657,0,3875837.7370881056,12,100
2021-11-09,1954535.5825448628,0,3854665.7798594027,12,100
2021-11-10,1846433.2739428477,0,3746563.4712573877,12,100
2021-11-11,1902877.9079554449,0,3803008.105269985,12,100
2021-11-12,1911096.4654445276,0,3811226.6627590675,12,100
2021-11-15,1895810.7776688975,0,3795940.9749834375,12,100
2021-11-16,1845448.7878887022,0,3690897.5757774035,12,100
2021-11-17,1792392.8023152815,0,3637841.590203983,12,100
2021-11-18,1799038.4313373792,0,3644487.2192260805,12,100
2021-11-19,1732377.0126996308,0,3577825.800588332,12,100
2021-11-22,1804914.2141222658,0,3650363.002010967,12,100
2021-11-23,1880330.0286286247,0,3725778.816517326,12,100
2021-11-24,1873266.1925753893,0,3718714.9804640906,12,100
2021-11-26,1731072.2515288696,0,3576521.039417571,12,100
2021-11-29,1750039.0333880272,0,3595487.8212767285,12,100
2021-11-30,1619626.1299724355,0,3239252.2599448706,12,100
2021-12-01,1584394.7318221787,0,3204020.861794614,12,100
2021-12-02,1666158.5278278422,0,3285784.657800277,12,100
2021-12-03,1620308.5323184184,0,3239934.6622908534,12,100
2021-12-06,1665974.1921320395,0,3285600.3221044745,12,100
2021-12-07,1743727.102663712,0,3363353.232636147,12,100
2021-12-08,1726483.701133328,0,3346109.831105763,12,100
2021-12-09,1699090.9702049652,0,3318717.1001774003,12,100
2021-12-10,1720940.798339466,0,3340566.928311901,12,100
2021-12-13,1642916.7310023275,0,3262542.8609747626,12,100
2021-12-14,1621510.2371028927,0,3243020.4742057864,12,100
2021-12-15,1614075.6794671314,0,3235585.916570025,12,100
2021-12-16,1656202.4049786124,0,3277712.642081506,12,100
2021-12-17,1585350.9452562812,0,3206861.182359175,12,100
2021-12-20,1498533.2354006763,0,3120043.47250357,12,100
2021-12-21,1575413.104668893,0,3196923.3417717866,12,100
2021-12-22,1600789.0196051924,0,3222299.256708086,12,100
2021-12-23,1627529.859592632,0,3249040.0966955256,12,100
2021-12-27,1680751.6461403486,0,3302261.8832432423,12,100
2021-12-28,1632925.2124397487,0,3265850.4248794983,12,100
2021-12-29,1629203.5382701217,0,3262128.7507098713,12,100
2021-12-30,1617462.7713535966,0,3250387.983793346,12,100
2021-12-31,1619236.4700760867,0,3252161.6825158363,12,100
2022-01-03,1652651.7175658557,0,3285576.9300056053,12,100
2022-01-04,1733629.7994939347,0,3366555.0119336843,12,100
2022-01-05,1700107.3477092043,0,3333032.560148954,12,100
2022-01-06,1732702.12285401,0,3365627.3352937596,12,100
2022-01-07,1766201.1797833673,0,3399126.392223117,12,100
2022-01-10,1757059.290390685,0,3389984.5028304346,12,100
2022-01-11,1800771.6047038997,0,3601543.2094078003,12,100
2022-01-12,1821978.0454722045,0,3622749.650176105,12,100
2022-01-13,1798398.662041107,0,3599170.2667450076,12,100
2022-01-14,1850619.9322710189,0,3651391.5369749195,12,100
2022-01-18,1813555.118877555,0,3614326.7235814556,12,100
2022-01-19,1762265.3860606689,0,3563036.9907645695,12,100
2022-01-20,1706512.2442986427,0,3507283.8490025434,12,100
2022-01-21,1610846.0210565806,0,3411617.625760481,12,100
2022-01-24,1628750.8275310157,0,3429522.4322349164,12,100
2022-01-25,1661212.5037010657,0,3322425.0074021313,12,100
2022-01-26,1667952.0356155988,0,3329164.5393166644,12,100
2022-01-27,1688103.925629498,0,3349316.4293305636,12,100
2022-01-28,1697791.397185572,0,3359003.9008866376,12,100
2022-01-31,1704391.5175833348,0,3365604.0212844005,12,100
2022-02-01,1816530.0410816888,0,3477742.5447827545,12,100
2022-02-02,1862262.0998603017,0,3523474.6035613674,12,100
2022-02-03,1828120.5932400841,0,3489333.09694115,12,100
2022-02-04,1883226.409064956,0,3544438.9127660217,12,100
2022-02-07,1937307.323917666,0,3598519.8276187317,12,100
2022-02-08,1887525.5171137995,0,3775051.0342276,12,100
2022-02-09,1918057.580612642,0,3805583.0977264424,12,100
2022-02-10,1902365.224527987,0,3789890.7416417873,12,100
2022-02-11,1927835.251999933,0,3815360.7691137334,12,100
2022-02-14,1854420.8605327343,0,3741946.3776465347,12,100
2022-02-15,1856594.691173584,0,3744120.2082873844,12,100
2022-02-16,1860607.012516414,0,3748132.5296302144,12,100
2022-02-17,1811734.0971305354,0,3699259.614244336,12,100
2022-02-18,1796426.6146120748,0,3683952.131725875,12,100
2022-02-22,1702450.0147708256,0,3404900.029541651,12,100
2022-02-23,1690579.899190081,0,3393029.913960906,12,100
2022-02-24,1676693.912514455,0,3379143.92728528,12,100
2022-02-25,1770899.0129427428,0,3473349.027713568,12,100
2022-02-28,1832523.9332587116,0,3534973.9480295368,12,100
2022-03-01,1832840.2757614742,0,3535290.2905322993,12,100
2022-03-02,1919267.8379893138,0,3621717.852760139,12,100
2022-03-03,1910576.1104445297,0,3613026.125215355,12,100
2022-03-04,2009206.977414448,0,3711656.992185273,12,100
2022-03-07,1997905.7258411401,0,3700355.7406119653,12,100
2022-03-08,1930473.3698907667,0,3860946.7397815343,12,100
2022-03-09,1912646.9579458493,0,3843120.327836617,12,100
2022-03-10,1983049.899078756,0,3913523.2689695237,12,100
2022-03-11,1968090.8719360954,0,3898564.241826863,12,100
2022-03-14,1932343.657904822,0,3862817.0277955895,12,100
2022-03-15,1899719.5858914321,0,3830192.9557821997,12,100
2022-03-16,1864479.7423159694,0,3794953.112206737,12,100
2022-03-17,1968659.7613040633,0,3899133.131194831,12,100
2022-03-18,1967584.5652563781,0,3898057.9351471458,12,100
2022-03-21,2076912.8853937853,0,4007386.255284553,12,100
2022-03-22,2017817.9900985812,0,4035635.9801971633,12,100
2022-03-23,2058476.8979879231,0,4076294.8880865052,12,100
2022-03-24,2084396.21893806,0,4102214.209036642,12,100
2022-03-25,2150180.5855614026,0,4167998.5756599847,12,100
2022-03-28,2072392.6045492599,0,4090210.594647842,12,100
2022-03-29,2060068.2572343745,0,4077886.2473329566,12,100
2022-03-30,2094097.040863324,0,4111915.030961906,12,100
2022-03-31,2047161.4735480165,0,4064979.4636465986,12,100
2022-04-01,2083192.7914327546,0,4101010.7815313367,12,100
2022-04-04,2079917.1556037064,0,4097735.1457022885,12,100
2022-04-05,1987503.886458585,0,3975007.7729171705,12,100
2022-04-06,2041922.7147032623,0,4029426.601161848,12,100
2022-04-07,2116487.2050884953,0,4103991.091547081,12,100
2022-04-08,2186928.9403558346,0,4174432.82681442,12,100
2022-04-11,2069472.2016805718,0,4056976.0881391573,12,100
2022-04-12,2108177.5602170546,0,4095681.44667564,12,100
2022-04-13,2130591.4179100418,0,4118095.3043686273,12,100
2022-04-14,2143623.5747898105,0,4131127.461248396,12,100
2022-04-18,2174957.525846438,0,4162461.4123050235,12,100
2022-04-19,2114130.867368482,0,4228261.734736965,12,100
2022-04-20,2127039.3622324076,0,4241170.229600891,12,100
2022-04-21,2033540.3845120403,0,4147671.2518805233,12,100
2022-04-22,1917630.4773631128,0,4031761.344731596,12,100
2022-04-25,1820667.9358933503,0,3934798.8032618333,12,100
2022-04-26,1825070.1758112037,0,3939201.0431796866,12,100
2022-04-27,1874929.8066930356,0,3989060.6740615186,12,100
2022-04-28,1992422.3721109293,0,4106553.2394794123,12,100
2022-04-29,1873949.033611477,0,3988079.90097996,12,100
2022-05-02,1913100.9720018227,0,4027231.8393703056,12,100
2022-05-03,1955111.1098682862,0,3910222.219736572,12,100
2022-05-04,2100885.890246853,0,4055997.000115139,12,100
2022-05-05,2015462.3951074206,0,3970573.5049757063,12,100
2022-05-06,2095261.2765284479,0,4050372.3863967336,12,100
2022-05-09,1818636.450793045,0,3773747.560661331,12,100
2022-05-10,1844755.7776880856,0,3799866.8875563713,12,100
2022-05-11,1865719.8489480522,0,3820830.958816338,12,100
2022-05-12,1864332.7739526927,0,3819443.8838209785,12,100
2022-05-13,1976691.3405868928,0,3931802.4504551785,12,100
2022-05-16,2051735.2654737546,0,4006846.3753420403,12,100
2022-05-17,2054378.904534182,0,4108757.8090683655,12,100
2022-05-18,1944075.6151092816,0,3998454.519643465,12,100
2022-05-19,1914984.745910014,0,3969363.6504441975,12,100
2022-05-20,1939393.5226531685,0,3993772.427187352,12,100
2022-05-23,1994640.4018459134,0,4049019.306380097,12,100
2022-05-24,2018572.0966969673,0,4072951.0012311507,12,100
2022-05-25,2083005.519361354,0,4137384.4238955374,12,100
2022-05-26,2127577.8237420446,0,4181956.728276228,12,100
2022-05-27,2210584.4374051727,0,4264963.341939356,12,100
2022-05-31,2103053.475221255,0,4206106.950442509,12,100
2022-06-01,2114855.6641780706,0,4217909.139399325,12,100
2022-06-02,2116063.6347926827,0,4219117.110013937,12,100
2022-06-03,2157615.9674790697,0,4260669.442700324,12,100
2022-06-06,2176694.9230127716,0,4279748.398234026,12,100
2022-06-07,2289972.2959323945,0,4393025.771153648,12,100
2022-06-08,2265794.5154586043,0,4368847.990679858,12,100
2022-06-09,2148763.7107381113,0,4251817.185959365,12,100
2022-06-10,2075772.2465970656,0,4178825.7218183195,12,100
2022-06-13,1866925.2618514737,0,3969978.7370727276,12,100
2022-06-14,1836732.4801690683,0,3673464.960338136,12,100
2022-06-15,1788276.890741152,0,3625009.37091022,12,100
2022-06-16,1632760.7359048596,0,3469493.2160739275,12,100
2022-06-17,1519758.5924096426,0,3356491.0725787105,12,100
2022-06-21,1643104.2586711373,0,3479836.738840205,12,100
2022-06-22,1587133.2324609414,0,3423865.7126300093,12,100
2022-06-23,1531846.5705695872,0,3368579.050738655,12,100
2022-06-24,1615581.9604179908,0,3452314.4405870587,12,100
2022-06-27,1683079.2000879676,0,3519811.6802570354,12,100
2022-06-28,1685043.077755493,0,3370086.1555109867,12,100
2022-06-29,1616948.6309719523,0,3301991.708727446,12,100
2022-06-30,1594301.6776352692,0,3279344.755390763,12,100
2022-07-01,1640173.950628257,0,3325217.0283837505,12,100
2022-07-05,1533829.7347839046,0,3218872.812539398,12,100
2022-07-06,1511781.2663679696,0,3196824.344123463,12,100
2022-07-07,1578039.3982676151,0,3263082.4760231087,12,100
2022-07-08,1576759.5298959357,0,3261802.6076514293,12,100
2022-07-11,1567225.9374860912,0,3252269.0152415847,12,100
2022-07-12,1478513.0428303499,0,2957026.0856607,12,100
2022-07-13,1458244.584256385,0,2936757.6270867353,12,100
2022-07-14,1439782.7748487354,0,2918295.817679086,12,100
2022-07-15,1502624.6349758632,0,2981137.6778062135,12,100
2022-07-18,1498126.4235633728,0,2976639.466393723,12,100
2022-07-19,1563420.1133045559,0,3041933.156134906,12,100
2022-07-20,1560067.1464654752,0,3038580.1892958255,12,100
2022-07-21,1530841.5131093687,0,3009354.555939719,12,100
2022-07-22,1528774.9926415565,0,3007288.035471907,12,100
2022-07-25,1610655.1433774102,0,3089168.1862077606,12,100
2022-07-26,1565788.2891922581,0,3131576.5783845168,12,100
2022-07-27,1613459.7959627241,0,3179248.0851549827,12,100
2022-07-28,1630900.3897277971,0,3196688.6789200557,12,100
2022-07-29,1705921.1738264363,0,3271709.463018695,12,100
2022-08-01,1653779.0730112263,0,3219567.362203485,12,100
2022-08-02,1654089.9364493855,0,3219878.225641644,12,100
2022-08-03,1581423.2549039398,0,3147211.5440961984,12,100
2022-08-04,1508967.0379674959,0,3074755.3271597545,12,100
2022-08-05,1549665.0208113773,0,3115453.310003636,12,100
2022-08-08,1572130.9142385686,0,3137919.2034308272,12,100
2022-08-09,1590081.9113528314,0,3180163.822705662,12,100
2022-08-10,1618428.4779462917,0,3208510.389299122,12,100
2022-08-11,1677824.6522875382,0,3267906.5636403686,12,100
2022-08-12,1716751.1919677923,0,3306833.103320623,12,100
2022-08-15,1686989.9424516987,0,3277071.853804529,12,100
2022-08-16,1690587.5083214957,0,3280669.419674326,12,100
2022-08-17,1713216.2444375604,0,3303298.155790391,12,100
2022-08-18,1767012.430603662,0,3357094.3419564925,12,100
2022-08-19,1784485.7944530188,0,3374567.7058058493,12,100
2022-08-22,1756076.7009234037,0,3346158.612276234,12,100
2022-08-23,1781310.7129289377,0,3562621.425857876,12,100
2022-08-24,1815387.4327346943,0,3596698.1456636325,12,100
2022-08-25,1847111.283005171,0,3628421.995934109,12,100
2022-08-26,1801432.5992715848,0,3582743.312200523,12,100
2022-08-29,1852421.381054815,0,3633732.093983753,12,100
2022-08-30,1751767.0896585402,0,3533077.8025874784,12,100
2022-08-31,1728472.2115014195,0,3509782.9244303578,12,100
2022-09-01,1655597.487560885,0,3436908.2004898232,12,100
2022-09-02,1707080.4166015647,0,3488391.129530503,12,100
2022-09-06,1630032.535592788,0,3260065.071185576,12,100
2022-09-07,1644051.2386078262,0,3274083.774200614,12,100
2022-09-08,1653373.8594326684,0,3283406.3950254563,12,100
2022-09-09,1697665.302684832,0,3327697.83827762,12,100
2022-09-12,1732783.8369497806,0,3362816.3725425685,12,100
2022-09-13,1648077.8843393,0,3278110.419932088,12,100
2022-09-14,1692335.3243036168,0,3322367.8598964047,12,100
2022-09-15,1628721.7889592727,0,3258754.3245520606,12,100
2022-09-16,1594630.7306860574,0,3224663.2662788453,12,100
2022-09-19,1624631.3722831188,0,3254663.9078759067,12,100
2022-09-20,1579013.2146854992,0,3158026.429370998,12,100
2022-09-21,1533976.3634424824,0,3112989.578127981,12,100
2022-09-22,1541374.6408249629,0,3120387.8555104616,12,100
2022-09-23,1390387.0792181478,0,2969400.2939036465,12,100
2022-09-26,1330736.929558206,0,2909750.1442437046,12,100
2022-09-27,1352309.4297782592,0,2931322.644463758,12,100
2022-09-28,1476562.4862420973,0,3055575.700927596,12,100
2022-09-29,1453638.908822243,0,3032652.123507742,12,100
2022-09-30,1418331.069304326,0,2997344.283989825,12,100
2022-10-03,1555494.8316001976,0,3134508.0462856963,12,100
2022-10-04,1633947.9462400558,0,3267895.892480111,12,100
2022-10-05,1662799.6039125542,0,3296747.5501526096,12,100
2022-10-06,1688099.9750410118,0,3322047.921281067,12,100
2022-10-07,1641076.6596225132,0,3275024.6058625686,12,100
2022-10-10,1588754.087483977,0,3222702.0337240323,12,100
2022-10-11,1585120.4885353176,0,3219068.434775373,12,100
2022-10-12,1593356.3844499197,0,3227304.330689975,12,100
2022-10-13,1701973.6898728805,0,3335921.636112936,12,100
2022-10-14,1621871.8924235762,0,3255819.8386636316,12,100
2022-10-17,1654456.6583194504,0,3288404.604559506,12,100
2022-10-18,1659169.7128030262,0,3318339.425606052,12,100
2022-10-19,1704583.4328620331,0,3363753.145665059,12,100
2022-10-20,1709931.106206072,0,3369100.8190090978,12,100
2022-10-21,1800388.1005141027,0,3459557.8133171285,12,100
2022-10-24,1838356.0063475617,0,3497525.7191505875,12,100
2022-10-25,1827517.3835351486,0,3486687.0963381743,12,100
2022-10-26,1876978.09249835,0,3536147.8053013757,12,100
2022-10-27,1891358.4299067887,0,3550528.1427098145,12,100
2022-10-28,1911556.471276436,0,3570726.1840794617,12,100
2022-10-31,1914804.5025504841,0,3573974.21535351,12,100
2022-11-01,1908635.8714499585,0,3817271.742899917,12,100
2022-11-02,1840571.020655741,0,3749206.8921056995,12,100
2022-11-03,1911634.5457861442,0,3820270.4172361027,12,100
2022-11-04,1944633.7304114248,0,3853269.6018613833,12,100
2022-11-07,2025440.2713708468,0,3934076.1428208053,12,100
2022-11-08,2025001.6211785749,0,3933637.4926285334,12,100
2022-11-09,1884084.7057452053,0,3792720.577195164,12,100
2022-11-10,1947671.4953085352,0,3856307.3667584937,12,100
2022-11-11,1996589.5597297177,0,3905225.431179676,12,100
2022-11-14,1990161.7226957553,0,3898797.594145714,12,100
2022-11-15,1975372.4266383199,0,3950744.85327664,12,100
2022-11-16,1912738.3457432112,0,3888110.7723815315,12,100
2022-11-17,1946304.1541513035,0,3921676.580789624,12,100
2022-11-18,1937101.2505260857,0,3912473.677164406,12,100
2022-11-21,1904137.7901633994,0,3879510.2168017197,12,100
2022-11-22,2008967.3876837187,0,3984339.814322039,12,100
2022-11-23,1952910.000144825,0,3928282.4267831454,12,100
2022-11-25,1945228.2604861094,0,3920600.6871244297,12,100
2022-11-28,1860639.069558101,0,3836011.4961964213,12,100
2022-11-29,1861061.1384323258,0,3722122.2768646516,12,100
2022-11-30,1876758.217240916,0,3737819.355673242,12,100
2022-12-01,1856940.9207873107,0,3718002.0592196365,12,100
2022-12-02,1837490.6761031868,0,3698551.8145355126,12,100
2022-12-05,1743920.415544143,0,3604981.5539764687,12,100
2022-12-06,1670262.1876810794,0,3531323.326113405,12,100
2022-12-07,1666078.9856216582,0,3527140.124053984,12,100
2022-12-08,1650982.9489482818,0,3512044.0873806076,12,100
2022-12-09,1562571.6045626341,0,3423632.74299496,12,100
2022-12-12,1646705.8281696597,0,3507766.9666019855,12,100
2022-12-13,1641642.4949276722,0,3283284.9898553435,12,100
2022-12-14,1634062.0868097297,0,3275704.581737401,12,100
2022-12-15,1619653.6377237309,0,3261296.132651402,12,100
2022-12-16,1595633.0129460474,0,3237275.5078737186,12,100
2022-12-19,1603193.9069544016,0,3244836.401882073,12,100
2022-12-20,1647130.8781992625,0,3288773.373126934,12,100
2022-12-21,1703166.6334504937,0,3344809.128378165,12,100
2022-12-22,1637334.8250880735,0,3278977.320015745,12,100
2022-12-23,1721923.292972336,0,3363565.7879000073,12,100
2022-12-27,1711089.2254698307,0,3422178.450939661,12,100
2022-12-28,1649115.1742543268,0,3360204.399724157,12,100
2022-12-29,1671162.6360596179,0,3382251.861529448,12,100
2022-12-30,1688110.6704184653,0,3399199.8958882955,12,100
2023-01-03,1585483.8944896513,0,3296573.1199594815,12,100
2023-01-04,1585049.6435087163,0,3296138.8689785465,12,100
2023-01-05,1652150.1798566093,0,3363239.4053264395,12,100
2023-01-06,1704670.660058866,0,3415759.8855286962,12,100
2023-01-09,1669254.8162057071,0,3380344.0416755374,12,100
2023-01-10,1657833.9300011557,0,3315667.8600023123,12,100
2023-01-11,1672972.7009940308,0,3330806.6309951874,12,100
2023-01-12,1722890.5840240556,0,3380724.5140252123,12,100
2023-01-13,1737356.5663626196,0,3395190.4963637763,12,100
2023-01-17,1727337.538142157,0,3385171.4681433137,12,100
2023-01-18,1682819.13533039,0,3340653.0653315466,12,100
2023-01-19,1708429.0096657302,0,3366262.939666887,12,100
2023-01-20,1747014.992871416,0,3404848.9228725727,12,100
2023-01-23,1735045.6790745298,0,3392879.6090756864,12,100
2023-01-24,1696268.9345255285,0,3392537.8690510583,12,100
2023-01-25,1706505.6860022657,0,3402774.6205277955,12,100
2023-01-26,1817693.9534170069,0,3513962.8879425367,12,100
2023-01-27,1751180.1443771776,0,3447449.0789027074,12,100
2023-01-30,1699868.1522547398,0,3396137.0867802696,12,100
2023-01-31,1725000.0527339475,0,3421268.9872594774,12,100
2023-02-01,1668310.4582907553,0,3364579.392816285,12,100
2023-02-02,1586694.579590429,0,3282963.514115959,12,100
2023-02-03,1585970.4473195877,0,3282239.3818451175,12,100
2023-02-06,1558388.5401140684,0,3254657.4746395983,12,100
2023-02-07,1610501.213381217,0,3221002.426762435,12,100
2023-02-08,1606827.4658805674,0,3217328.6792617855,12,100
2023-02-09,1583501.5788169338,0,3194002.792198152,12,100
2023-02-10,1675514.9670959914,0,3286016.1804772094,12,100
2023-02-13,1694340.1320601592,0,3304841.3454413773,12,100
2023-02-14,1694517.617198772,0,3305018.83057999,12,100
2023-02-15,1651865.8971220686,0,3262367.1105032866,12,100
2023-02-16,1622121.5030799813,0,3232622.7164611993,12,100
2023-02-17,1581739.5147032256,0,3192240.7280844436,12,100
2023-02-21,1529577.1555439157,0,3059154.3110878323,12,100
2023-02-22,1504217.029500296,0,3033794.1850442127,12,100
2023-02-23,1531486.0848512563,0,3061063.240395173,12,100
2023-02-24,1515981.1890793627,0,3045558.3446232793,12,100
2023-02-27,1526688.3879047234,0,3056265.54344864,12,100
2023-02-28,1489442.3916330764,0,3019019.547176993,12,100
2023-03-01,1537297.50178738,0,3066874.6573312967,12,100
2023-03-02,1554963.8197024756,0,3084540.975246392,12,100
2023-03-03,1594349.0194940043,0,3123926.175037921,12,100
2023-03-06,1594769.1702370758,0,3124346.3257809924,12,100
2023-03-07,1506265.7510406037,0,3012531.502081207,12,100
2023-03-08,1484155.5397339792,0,2990421.2907745824,12,100
2023-03-09,1424686.9321292897,0,2930952.683169893,12,100
2023-03-10,1383075.7730056245,0,2889341.524046228,12,100
2023-03-13,1336145.9414973918,0,2842411.692537995,12,100
2023-03-14,1378346.0572703106,0,2884611.808310914,12,100
2023-03-15,1286016.9685811817,0,2792282.719621785,12,100
2023-03-16,1312836.4380400993,0,2819102.1890807026,12,100
2023-03-17,1256834.047068341,0,2763099.798108944,12,100
2023-03-20,1319389.2698870392,0,2825655.0209276425,12,100
2023-03-21,1341672.7260613453,0,2683345.45212269,12,100
2023-03-22,1300562.781391498,0,2642235.507452843,12,100
2023-03-23,1280412.9308878973,0,2622085.656949242,12,100
2023-03-24,1300407.887347156,0,2642080.613408501,12,100
2023-03-27,1334222.4544712624,0,2675895.1805326072,12,100
2023-03-28,1359412.1785779602,0,2701084.904639305,12,100
2023-03-29,1380347.3049093538,0,2722020.0309706987,12,100
2023-03-30,1393080.9827911959,0,2734753.7088525407,12,100
2023-03-31,1428853.3005465593,0,2770526.026607904,12,100
2023-04-03,1460953.8744896126,0,2802626.6005509575,12,100
2023-04-04,1377641.4450076467,0,2755282.890015293,11,100
2023-04-05,1420257.1889213643,0,2797898.6339290105,11,100
2023-04-06,1412506.1867628342,0,2790147.6317704804,11,100
2023-04-10,1415826.6225874547,0,2793468.067595101,11,100
2023-04-11,1418726.7821779398,0,2796368.227185586,11,100
2023-04-12,1417994.851187805,0,2795636.296195451,11,100
2023-04-13,1440543.6744411003,0,2818185.1194487466,11,100
2023-04-14,1442076.2495461756,0,2819717.694553822,11,100
2023-04-17,1440831.5286304608,0,2818472.973638107,11,100
2023-04-18,1419840.317218423,0,2839680.6344368453,12,100
2023-04-19,1409681.9955150937,0,2829522.312733516,12,100
2023-04-20,1416663.1828433191,0,2836503.5000617416,12,100
2023-04-21,1421559.4174141064,0,2841399.734632529,12,100
2023-04-24,1442722.3793650577,0,2862562.69658348,12,100
2023-04-25,1412869.5540143717,0,2832709.871232794,12,100
2023-04-26,1375052.3726740945,0,2794892.689892517,12,100
2023-04-27,1417019.675884482,0,2836859.9931029044,12,100
2023-04-28,1430652.4064611392,0,2850492.7236795616,12,100
2023-05-01,1443858.9469696963,0,2863699.2641881187,12,100
2023-05-02,1374173.4444456045,0,2748346.888891209,12,100
2023-05-03,1364825.0241632028,0,2738998.4686088073,12,100
2023-05-04,1334851.7394624879,0,2709025.1839080923,12,100
2023-05-05,1374668.6971402867,0,2748842.141585891,12,100
2023-05-08,1383112.691995598,0,2757286.1364412024,12,100
2023-05-09,1371671.5372828501,0,2745844.9817284546,12,100
2023-05-10,1376291.6304936823,0,2750465.074939287,12,100
2023-05-11,1361734.2796484474,0,2735907.724094052,12,100
2023-05-12,1358089.93146333,0,2732263.3759089345,12,100
2023-05-15,1363543.8219336737,0,2737717.266379278,12,100
2023-05-16,1318035.5493047654,0,2636071.098609531,12,100
2023-05-17,1325953.2023191692,0,2643988.7516239346,12,100
2023-05-18,1329755.2880036344,0,2647790.8373084,12,100
2023-05-19,1345861.8134102707,0,2663897.362715036,12,100
2023-05-22,1323576.6340381366,0,2641612.183342902,12,100
2023-05-23,1269918.0196004186,0,2587953.568905184,12,100
2023-05-24,1267623.0746910602,0,2585658.6239958256,12,100
2023-05-25,1278062.816563653,0,2596098.3658684185,12,100
2023-05-26,1272152.3228713174,0,2590187.872176083,12,100
2023-05-30,1239946.9877163144,0,2479893.9754326288,12,100
2023-05-31,1245474.1815543356,0,2485421.16927065,12,100
2023-06-01,1260136.0190233858,0,2500083.0067397,12,100
2023-06-02,1295864.0272155358,0,2535811.01493185,12,100
2023-06-05,1294495.1140526398,0,2534442.101768954,12,100
2023-06-06,1276265.8933717129,0,2516212.8810880273,12,100
2023-06-07,1256189.1581751704,0,2496136.145891485,12,100
2023-06-08,1294193.4286786378,0,2534140.416394952,12,100
2023-06-09,1309171.5701034274,0,2549118.557819742,12,100
2023-06-12,1339496.9491671454,0,2579443.93688346,12,100
2023-06-13,1318351.5306495319,0,2636703.0612990633,12,100
2023-06-14,1331424.1577469928,0,2649775.688396524,12,100
2023-06-15,1370433.0993205414,0,2688784.629970073,12,100
2023-06-16,1362753.6109759405,0,2681105.141625472,12,100
2023-06-20,1341468.8601688806,0,2659820.390818412,12,100
2023-06-21,1345100.7297590713,0,2663452.2604086027,12,100
2023-06-22,1360513.7060252253,0,2678865.2366747567,12,100
2023-06-23,1342672.5770768763,0,2661024.1077264077,12,100
2023-06-26,1328886.6491118295,0,2647238.179761361,12,100
2023-06-27,1337416.0055882565,0,2674832.0111765135,12,100
2023-06-28,1339620.7151918535,0,2677036.7207801105,12,100
2023-06-29,1361282.575134712,0,2698698.580722969,12,100
2023-06-30,1390754.996990992,0,2728171.002579249,12,100
2023-07-03,1385602.572912895,0,2723018.578501152,12,100
2023-07-05,1363152.476689779,0,2700568.482278036,12,100
2023-07-06,1339319.7899433223,0,2676735.7955315793,12,100
2023-07-07,1367668.2949831162,0,2705084.300571373,12,100
2023-07-10,1391146.992534418,0,2728562.998122675,12,100
2023-07-11,1394723.0495668864,0,2789446.099133773,12,100
2023-07-12,1408347.8175197304,0,2803070.867086617,12,100
2023-07-13,1423602.0172864464,0,2818325.066853333,12,100
2023-07-14,1410546.0439366004,0,2805269.093503487,12,100
2023-07-17,1419064.3404410253,0,2813787.3900079117,12,100
2023-07-18,1443620.273185004,0,2838343.3227518904,12,100
2023-07-19,1442161.8157457807,0,2836884.865312667,12,100
2023-07-20,1451498.2679744246,0,2846221.317541311,12,100
2023-07-21,1436109.2401641803,0,2830832.2897310667,12,100
2023-07-24,1462884.0360665931,0,2857607.0856334795,12,100
2023-07-25,1481212.6402479901,0,2962425.280495981,12,100
2023-07-26,1448297.9521461695,0,2929510.5923941606,12,100
2023-07-27,1448435.310363278,0,2929647.950611269,12,100
2023-07-28,1458510.6772554556,0,2939723.3175034467,12,100
2023-07-31,1484313.7007472327,0,2965526.3409952237,12,100
2023-08-01,1511066.1158162553,0,2992278.7560642464,12,100
2023-08-02,1481108.1669115422,0,2962320.8071595333,12,100
2023-08-03,1481361.4788418005,0,2962574.1190897916,12,100
2023-08-04,1464956.844776992,0,2946169.485024983,12,100
2023-08-07,1500177.0451317264,0,2981389.6853797175,12,100
2023-08-08,1470762.6447659489,0,2941525.2895318973,12,100
2023-08-09,1463273.3300941172,0,2934035.9748600656,12,100
2023-08-10,1460658.93613513,0,2931421.5809010784,12,100
2023-08-11,1471370.5424045487,0,2942133.187170497,12,100
2023-08-14,1484144.4835743308,0,2954907.128340279,12,100
2023-08-15,1438997.9167577317,0,2909760.56152368,12,100
2023-08-16,1415383.8713841843,0,2886146.5161501328,12,100
2023-08-17,1393086.5781661216,0,2863849.22293207,12,100
2023-08-18,1401639.7929992094,0,2872402.437765158,12,100
2023-08-21,1409173.9287340906,0,2879936.573500039,12,100
2023-08-22,1363953.4112510607,0,2727906.822502121,12,100
2023-08-23,1390581.944219233,0,2754535.355470293,12,100
2023-08-24,1354640.9887016513,0,2718594.3999527115,12,100
2023-08-25,1374378.1441196557,0,2738331.555370716,12,100
2023-08-28,1398882.5307865567,0,2762835.942037617,12,100
2023-08-29,1435781.2152826404,0,2799734.6265337006,12,100
2023-08-30,1436437.23333028,0,2800390.6445813403,12,100
2023-08-31,1441233.3375428156,0,2805186.748793876,12,100
2023-09-01,1462829.694808952,0,2826783.1060600122,12,100
2023-09-05,1420523.3222380294,0,2841046.644476058,12,100
2023-09-06,1429759.0675052637,0,2850282.3897432922,12,100
2023-09-07,1433229.6977730477,0,2853753.0200110762,12,100
2023-09-08,1446931.6505992068,0,2867454.9728372353,12,100
2023-09-11,1466555.7174555226,0,2887079.039693551,12,100
2023-09-12,1438439.831753783,0,2858963.1539918114,12,100
2023-09-13,1417688.9798033503,0,2838212.302041379,12,100
2023-09-14,1452308.003527049,0,2872831.3257650775,12,100
2023-09-15,1419239.8058864875,0,2839763.128124516,12,100
2023-09-18,1427168.6082113525,0,2847691.930449381,12,100
2023-09-19,1375455.6869691915,0,2750911.373938383,12,100
2023-09-20,1357365.9966439072,0,2732821.6836130987,12,100
2023-09-21,1319061.7694622215,0,2694517.456431413,12,100
2023-09-22,1314677.3751580978,0,2690133.0621272894,12,100
2023-09-25,1332247.092273678,0,2707702.7792428695,12,100
2023-09-26,1287606.0296791347,0,2663061.7166483263,12,100
2023-09-27,1311069.6668039619,0,2686525.3537731534,12,100
2023-09-28,1342892.3398314987,0,2718348.02680069,12,100
2023-09-29,1299584.3591055863,0,2675040.046074778,12,100
2023-10-02,1276270.199404929,0,2651725.8863741206,12,100
2023-10-03,1215030.9421325787,0,2430061.8842651574,12,100
2023-10-04,1203774.9448278178,0,2418805.8869603965,12,100
2023-10-05,1197203.2489473065,0,2412234.1910798852,12,100
2023-10-06,1236539.6154266223,0,2451570.557559201,12,100
2023-10-09,1268053.492254736,0,2483084.4343873146,12,100
2023-10-10,1290085.9907561536,0,2505116.9328887323,12,100
2023-10-11,1313052.4384331536,0,2528083.3805657323,12,100
2023-10-12,1300017.723127203,0,2515048.6652597818,12,100
2023-10-13,1281614.038414923,0,2496644.9805475017,12,100
2023-10-16,1305893.128881249,0,2520924.071013828,12,100
2023-10-17,1287686.9154432546,0,2575373.8308865097,12,100
2023-10-18,1244047.1006622636,0,2531734.0161055187,12,100
2023-10-19,1216372.0699225022,0,2504058.9853657573,12,100
2023-10-20,1177855.439928894,0,2465542.355372149,12,100
2023-10-23,1181766.8498552563,0,2469453.7652985114,12,100
2023-10-24,1200740.4710537363,0,2488427.3864969914,12,100
2023-10-25,1159362.919509483,0,2447049.834952738,12,100
2023-10-26,1113584.3299901793,0,2401271.2454334344,12,100
2023-10-27,1097706.9023367083,0,2385393.8177799634,12,100
2023-10-30,1132166.0105111743,0,2419852.9259544294,12,100
2023-10-31,1102685.1684949656,0,2205370.3369899313,12,100
2023-11-01,1114929.3971344337,0,2217614.5656293994,12,100
2023-11-02,1149549.7364603763,0,2252234.904955342,12,100
2023-11-03,1166578.7650020595,0,2269263.933497025,12,100
2023-11-06,1174671.992988467,0,2277357.1614834326,12,100
2023-11-07,1175430.959840807,0,2278116.1283357725,12,100
2023-11-08,1195699.1691061354,0,2298384.337601101,12,100
2023-11-09,1169701.525678695,0,2272386.6941736606,12,100
2023-11-10,1217605.8235382552,0,2320290.992033221,12,100
2023-11-13,1213949.79957571,0,2316634.9680706756,12,100
2023-11-14,1240562.046492585,0,2481124.0929851695,12,100
2023-11-15,1225733.6140635842,0,2466295.6605561688,12,100
2023-11-16,1252886.7824085588,0,2493448.8289011433,12,100
2023-11-17,1260492.7272902797,0,2501054.773782864,12,100
2023-11-20,1287045.9915554454,0,2527608.03804803,12,100
2023-11-21,1276572.1024625818,0,2517134.1489551663,12,100
2023-11-22,1282093.8732541772,0,2522655.9197467617,12,100
2023-11-24,1293166.419425982,0,2533728.4659185666,12,100
2023-11-27,1289963.9680147278,0,2530526.0145073123,12,100
2023-11-28,1249609.1524582596,0,2499218.3049165187,12,100
2023-11-29,1244032.6101229035,0,2493641.7625811626,12,100
2023-11-30,1259633.923606808,0,2509243.076065067,12,100
2023-12-01,1261893.3631974582,0,2511502.5156557173,12,100
2023-12-04,1244918.6773801374,0,2494527.8298383965,12,100
2023-12-05,1230394.571457064,0,2480003.723915323,12,100
2023-12-06,1216247.290858297,0,2465856.443316556,12,100
2023-12-07,1230445.1304931066,0,2480054.2829513657,12,100
2023-12-08,1251249.547267332,0,2500858.699725591,12,100
2023-12-11,1277554.2415631327,0,2527163.394021392,12,100
2023-12-12,1247608.609292812,0,2495217.2185856244,12,100
2023-12-13,1279065.180494767,0,2526673.7897875793,12,100
2023-12-14,1286272.5333479599,0,2533881.1426407723,12,100
2023-12-15,1284021.9997706555,0,2531630.609063468,12,100
2023-12-18,1293357.3851061312,0,2540965.9943989436,12,100
2023-12-19,1318617.8520748636,0,2566226.461367676,12,100
2023-12-20,1284324.937653085,0,2531933.5469458974,12,100
2023-12-21,1313336.7737189939,0,2560945.3830118063,12,100
2023-12-22,1315213.9759207151,0,2562822.5852135275,12,100
2023-12-26,1311225.220825567,0,2622450.4416511343,12,100
2023-12-27,1320440.7394826342,0,2631665.9603082016,12,100
2023-12-28,1315454.571443276,0,2626679.7922688434,12,100
2023-12-29,1308659.515451029,0,2619884.7362765963,12,100
2024-01-02,1264436.272868699,0,2575661.4936942663,12,100
2024-01-03,1230030.6691293898,0,2541255.889954957,12,100
2024-01-04,1228892.9092519325,0,2540118.1300775,12,100
2024-01-05,1231870.3436139245,0,2543095.564439492,12,100
2024-01-08,1274773.67481728,0,2585998.8956428473,12,100
2024-01-09,1250468.3160776393,0,2500936.6321552787,12,100
2024-01-10,1267627.8139301343,0,2518096.1300077736,12,100
2024-01-11,1283085.9625680628,0,2533554.278645702,12,100
2024-01-12,1286671.20756958,0,2537139.5236472194,12,100
2024-01-16,1277099.2524554762,0,2527567.5685331156,12,100
2024-01-17,1253587.805449945,0,2504056.1215275843,12,100
2024-01-18,1297155.4034311208,0,2547623.71950876,12,100
2024-01-19,1334791.1212641685,0,2585259.437341808,12,100
2024-01-22,1351020.848477018,0,2601489.1645546574,12,100
2024-01-23,1323125.9042649388,0,2646251.808529877,12,100
2024-01-24,1319076.791312887,0,2642202.6955778254,12,100
2024-01-25,1324785.8234127823,0,2647911.7276777206,12,100
2024-01-26,1296679.3751998923,0,2619805.2794648306,12,100
2024-01-29,1314296.0569400152,0,2637421.9612049535,12,100
2024-01-30,1310869.4224856703,0,2633995.3267506086,12,100
2024-01-31,1288609.4764937193,0,2611735.3807586576,12,100
2024-02-01,1324936.0227722565,0,2648061.927037195,12,100
2024-02-02,1328312.2970427435,0,2651438.201307682,12,100
2024-02-05,1334909.2783373676,0,2658035.182602306,12,100
2024-02-06,1314361.7177117625,0,2628723.4354235246,12,100
2024-02-07,1353909.9485695772,0,2668271.6662813392,12,100
2024-02-08,1355481.3641464696,0,2669843.0818582317,12,100
2024-02-09,1371573.1486018016,0,2685934.8663135637,12,100
2024-02-12,1359798.1389898984,0,2674159.8567016604,12,100
2024-02-13,1343721.6400725776,0,2658083.3577843397,12,100
2024-02-14,1374217.0429101852,0,2688578.7606219472,12,100
2024-02-15,1358136.4767353483,0,2672498.1944471104,12,100
2024-02-16,1359047.9154201788,0,2673409.633131941,12,100
2024-02-20,1304798.7367833573,0,2609597.4735667147,12,100
2024-02-21,1300172.7994987569,0,2604971.536282114,12,100
2024-02-22,1354759.4953666297,0,2659558.232149987,12,100
2024-02-23,1364458.0997101828,0,2669256.83649354,12,100
2024-02-26,1374821.073073869,0,2679619.8098572264,12,100
2024-02-27,1364603.3860179144,0,2669402.1228012717,12,100
2024-02-28,1363604.1890034103,0,2668402.9257867676,12,100
2024-02-29,1375151.748639747,0,2679950.4854231044,12,100
2024-03-01,1419983.0153668108,0,2724781.752150168,12,100
2024-03-04,1444777.7243941585,0,2749576.461177516,12,100
2024-03-05,1377373.2958413789,0,2754746.591682758,12,100
2024-03-06,1399047.3198349506,0,2776420.61567633,12,100
2024-03-07,1454645.0111036717,0,2832018.306945051,12,100
2024-03-08,1400317.3009429395,0,2777690.596784319,12,100
2024-03-11,1381981.6498589779,0,2759354.945700357,12,100
2024-03-12,1418301.3583036906,0,2795674.65414507,12,100
2024-03-13,1395207.261990505,0,2772580.5578318844,12,100
2024-03-14,1387636.1405790898,0,2765009.436420469,12,100
2024-03-15,1381422.6781946488,0,2758795.974036028,12,100
2024-03-18,1384363.4313287444,0,2761736.7271701237,12,100
2024-03-19,1374587.3698527862,0,2749174.7397055714,12,100
2024-03-20,1394475.3755694737,0,2769062.745422259,12,100
2024-03-21,1425453.0938285592,0,2800040.4636813444,12,100
2024-03-22,1416674.5531072684,0,2791261.9229600537,12,100
2024-03-25,1408494.2681588011,0,2783081.6380115864,12,100
2024-03-26,1410043.4239060695,0,2784630.7937588547,12,100
2024-03-27,1440725.6577049412,0,2815313.0275577265,12,100
2024-03-28,1454430.3756744165,0,2829017.745527202,12,100
2024-04-01,1445915.19993469,0,2820502.5697874753,12,100
2024-04-02,1420720.4431522621,0,2841440.8863045247,12,100
2024-04-03,1460096.4914917068,0,2880816.9346439694,12,100
2024-04-04,1432086.4409314313,0,2852806.884083694,12,100
2024-04-05,1480140.3168208387,0,2900860.7599731013,12,100
2024-04-08,1470739.4049190788,0,2891459.8480713414,12,100
2024-04-09,1437495.2570535617,0,2858215.7002058243,12,100
2024-04-10,1422905.1936307207,0,2843625.6367829833,12,100
2024-04-11,1423079.1072300288,0,2843799.5503822914,12,100
2024-04-12,1377883.411440369,0,2798603.8545926316,12,100
2024-04-15,1358261.2757490373,0,2778981.7189013,12,100
2024-04-16,1319031.0608163085,0,2638062.121632617,12,100
2024-04-17,1306179.4046822512,0,2625210.4654985596,12,100
2024-04-18,1291184.2874083673,0,2610215.3482246757,12,100
2024-04-19,1282572.8022589087,0,2601603.863075217,12,100
2024-04-22,1308869.7053587432,0,2627900.7661750517,12,100
2024-04-23,1342273.8705485654,0,2661304.931364874,12,100
2024-04-24,1330916.4303449844,0,2649947.491161293,12,100
2024-04-25,1301857.445221893,0,2620888.5060382015,12,100
2024-04-26,1307536.043964658,0,2626567.1047809664,12,100
2024-04-29,1317015.969763089,0,2636047.0305793975,12,100
2024-04-30,1243039.0156863006,0,2486078.031372601,12,100
2024-05-01,1233335.398183424,0,2476374.4138697246,12,100
2024-05-02,1247457.8300645882,0,2490496.845750889,12,100
2024-05-03,1264591.9136192738,0,2507630.9293055744,12,100
2024-05-06,1302194.6115074488,0,2545233.6271937494,12,100
2024-05-07,1309989.3069925383,0,2553028.322678839,12,100
2024-05-08,1322255.665143928,0,2565294.6808302286,12,100
2024-05-09,1335274.6716799913,0,2578313.687366292,12,100
2024-05-10,1334371.35839022,0,2577410.3740765206,12,100
2024-05-13,1310489.8788912366,0,2553528.894577537,12,100
2024-05-14,1296219.236758087,0,2592438.473516173,12,100
2024-05-15,1345121.422673369,0,2641340.659431455,12,100
2024-05-16,1315038.6613885432,0,2611257.8981466293,12,100
2024-05-17,1328116.1480701698,0,2624335.384828256,12,100
2024-05-20,1319598.8309097316,0,2615818.0676678177,12,100
2024-05-21,1334135.5633408267,0,2630354.800098913,12,100
2024-05-22,1310722.8052109142,0,2606942.0419690004,12,100
2024-05-23,1282501.057780109,0,2578720.2945381952,12,100
2024-05-24,1308235.6686359744,0,2604454.9053940605,12,100
2024-05-28,1271356.296673352,0,2542712.5933467033,12,100
2024-05-29,1226078.2943520676,0,2497434.591025419,12,100
2024-05-30,1229666.8794144257,0,2501023.176087777,12,100
2024-05-31,1248671.7864370793,0,2520028.0831104307,12,100
2024-06-03,1224790.5056240712,0,2496146.8022974227,12,100
2024-06-04,1202761.6615414652,0,2474117.9582148166,12,100
2024-06-05,1228822.2365021282,0,2500178.5331754796,12,100
2024-06-06,1229631.5228899228,0,2500987.8195632743,12,100
2024-06-07,1228477.9741589418,0,2499834.270832293,12,100
2024-06-10,1239473.3066650517,0,2510829.603338403,12,100
2024-06-11,1200577.6858136293,0,2401155.3716272586,12,100
2024-06-12,1205591.5033213792,0,2406169.1891350085,12,100
2024-06-13,1229229.3998810954,0,2429807.0856947247,12,100
2024-06-14,1226117.125565712,0,2426694.8113793414,12,100
2024-06-17,1273432.0012965405,0,2474009.68711017,12,100
2024-06-18,1285753.0796172714,0,2486330.7654309007,12,100
2024-06-20,1275806.028369712,0,2476383.7141833412,12,100
2024-06-21,1254148.5590469686,0,2454726.244860598,12,100
2024-06-24,1247043.2264069293,0,2447620.9122205586,12,100
2024-06-25,1227595.4991344344,0,2455190.998268869,12,100
2024-06-26,1214091.9021355622,0,2441687.4012699965,12,100
2024-06-27,1210336.245981222,0,2437931.7451156564,12,100
2024-06-28,1231537.721114683,0,2459133.2202491174,12,100
2024-07-01,1243474.74856043,0,2471070.2476948644,12,100
2024-07-02,1258714.344075108,0,2486309.8432095423,12,100
2024-07-03,1268539.7467870791,0,2496135.2459215135,12,100
2024-07-05,1255267.4561564433,0,2482862.9552908777,12,100
2024-07-08,1261979.626286759,0,2489575.1254211934,12,100
2024-07-09,1241495.5283237165,0,2482991.056647433,12,100
2024-07-10,1269664.631061532,0,2511160.1593852486,12,100
2024-07-11,1257250.9007434538,0,2498746.4290671702,12,100
2024-07-12,1257414.0696004126,0,2498909.597924129,12,100
2024-07-15,1287266.67905019,0,2528762.2073739064,12,100
2024-07-16,1332196.8072145935,0,2573692.33553831,12,100
2024-07-17,1288027.2807304645,0,2529522.809054181,12,100
2024-07-18,1265060.7259882917,0,2506556.254312008,12,100
2024-07-19,1253963.4466572623,0,2495458.9749809788,12,100
2024-07-22,1281218.9000998675,0,2522714.428423584,12,100
2024-07-23,1284879.524108245,0,2569759.04821649,12,100
2024-07-24,1221425.3737076889,0,2506304.897815934,12,100
2024-07-25,1207541.1161298975,0,2492420.6402381426,12,100
2024-07-26,1237649.3816292607,0,2522528.9057375058,12,100
2024-07-29,1224600.0722498521,0,2509479.596358097,12,100
2024-07-30,1208455.0184810502,0,2493334.542589295,12,100
2024-07-31,1251317.0540555958,0,2536196.578163841,12,100
2024-08-01,1191863.7330221608,0,2476743.257130406,12,100
2024-08-02,1125189.6049825326,0,2410069.1290907776,12,100
2024-08-05,1072477.7317025182,0,2357357.255810763,12,100
2024-08-06,1079472.4596022477,0,2158944.919204496,12,100
2024-08-07,1048997.1893793612,0,2128469.6489816094,12,100
2024-08-08,1108579.7358284828,0,2188052.195430731,12,100
2024-08-09,1129028.402842759,0,2208500.862445007,12,100
2024-08-12,1123650.2400747451,0,2203122.6996769933,12,100
2024-08-13,1149421.3422971915,0,2228893.8018994397,12,100
2024-08-14,1173571.0043901673,0,2253043.4639924155,12,100
2024-08-15,1188315.7709635666,0,2267788.2305658148,12,100
2024-08-16,1190496.6893938712,0,2269969.1489961194,12,100
2024-08-19,1206616.8020728987,0,2286089.261675147,12,100
2024-08-20,1185886.6499050509,0,2371773.2998101017,12,100
2024-08-21,1190722.0724404634,0,2376608.722345514,12,100
2024-08-22,1183555.3120681264,0,2369441.9619731773,12,100
2024-08-23,1223628.5939767847,0,2409515.2438818356,12,100
2024-08-26,1217013.335730539,0,2402899.98563559,12,100
2024-08-27,1227158.446183998,0,2413045.096089049,12,100
2024-08-28,1221857.1049801505,0,2407743.7548852013,12,100
2024-08-29,1225495.6030561419,0,2411382.2529611927,12,100
2024-08-30,1259369.7350159877,0,2445256.3849210385,12,100
2024-09-03,1170719.929612109,0,2341439.859224218,12,100
2024-09-04,1164584.7739648847,0,2335304.7035769937,12,100
2024-09-05,1136391.0369690186,0,2307110.9665811276,12,100
2024-09-06,1075334.6733943117,0,2246054.6030064207,12,100
2024-09-09,1122893.733321026,0,2293613.662933135,12,100
2024-09-10,1100715.350152329,0,2271435.279764438,12,100
2024-09-11,1115775.0207056152,0,2286494.950317724,12,100
2024-09-12,1139323.1062723421,0,2310043.035884451,12,100
2024-09-13,1159834.2424683361,0,2330554.172080445,12,100
2024-09-16,1171807.4712237683,0,2342527.4008358773,12,100
2024-09-17,1146271.686277245,0,2292543.3725544894,12,100
2024-09-18,1146120.224368593,0,2292391.9106458374,12,100
2024-09-19,1176501.490061247,0,2322773.1763384915,12,100
2024-09-20,1180203.7172520857,0,2326475.40352933,12,100
2024-09-23,1185996.7238590808,0,2332268.4101363253,12,100
2024-09-24,1187261.5645053803,0,2333533.250782625,12,100
2024-09-25,1182998.7455414536,0,2329270.431818698,12,100
2024-09-26,1186711.6986219182,0,2332983.3848991627,12,100
2024-09-27,1168028.8178276804,0,2314300.504104925,12,100
2024-09-30,1182609.382947765,0,2328881.0692250095,12,100
2024-10-01,1139289.3927209314,0,2278578.7854418634,12,100
2024-10-02,1144748.723239058,0,2284038.11595999,12,100
2024-10-03,1139601.2625348687,0,2278890.6552558006,12,100
2024-10-04,1169641.035369218,0,2308930.42809015,12,100
2024-10-07,1157099.148381097,0,2296388.541102029,12,100
2024-10-08,1178440.7007687378,0,2317730.0934896697,12,100
2024-10-09,1210593.764515808,0,2349883.15723674,12,100
2024-10-10,1194112.344928725,0,2333401.737649657,12,100
2024-10-11,1213974.2276513025,0,2353263.6203722344,12,100
2024-10-14,1230382.293374228,0,2369671.68609516,12,100
2024-10-15,1194830.9790130847,0,2389661.9580261693,12,100
2024-10-16,1205681.7937909912,0,2400512.772804076,12,100
2024-10-17,1201111.2392904225,0,2395942.218303507,12,100
2024-10-18,1199213.7234872777,0,2394044.7025003624,12,100
2024-10-21,1173345.4693977481,0,2368176.448410833,12,100
2024-10-22,1155198.3548400325,0,2350029.333853117,12,100
2024-10-23,1147808.3598790222,0,2342639.338892107,12,100
2024-10-24,1131792.8443755547,0,2326623.8233886394,12,100
2024-10-25,1108925.5712031673,0,2303756.550216252,12,100
2024-10-28,1137994.3808693576,0,2332825.3598824423,12,100
2024-10-29,1108072.908932981,0,2216145.8178659617,12,100
2024-10-30,1112329.681125211,0,2220402.5900581917,12,100
2024-10-31,1085024.0607650043,0,2193096.969697985,12,100
2024-11-01,1071333.8677036925,0,2179406.776636673,12,100
2024-11-04,1055162.941088914,0,2163235.8500218946,12,100
2024-11-05,1090871.4101997153,0,2198944.319132696,12,100
2024-11-06,1317874.5120461644,0,2425947.420979145,12,100
2024-11-07,1259273.6558056097,0,2367346.5647385903,12,100
2024-11-08,1276233.1272490574,0,2384306.036182038,12,100
2024-11-11,1309520.8543545147,0,2417593.7632874954,12,100
2024-11-12,1263637.954669252,0,2527275.9093385036,12,100
2024-11-13,1260209.6288816324,0,2523847.583550884,12,100
2024-11-14,1250699.4257505476,0,2514337.380419799,12,100
2024-11-15,1252695.4879838126,0,2516333.442653064,12,100
2024-11-18,1248133.473507367,0,2511771.4281766186,12,100
2024-11-19,1229595.9663955714,0,2493233.921064823,12,100
2024-11-20,1225582.4330495917,0,2489220.3877188433,12,100
2024-11-21,1260342.8112292043,0,2523980.765898456,12,100
2024-11-22,1298550.6080312044,0,2562188.562700456,12,100
2024-11-25,1316569.794632019,0,2580207.7493012706,12,100
2024-11-26,1286596.3150696638,0,2573192.6301393276,12,100
2024-11-27,1272443.0659799986,0,2559039.3810496624,12,100
2024-11-29,1276045.302870038,0,2562641.617939702,12,100
2024-12-02,1256939.4950169977,0,2543535.8100866615,12,100
2024-12-03,1247037.1089018066,0,2533633.4239714704,12,100
2024-12-04,1244506.9276394253,0,2531103.242709089,12,100
2024-12-05,1240886.9855634207,0,2527483.3006330845,12,100
2024-12-06,1257355.1469877171,0,2543951.462057381,12,100
2024-12-09,1214173.1013419884,0,2500769.416411652,12,100
2024-12-10,1173962.0191056957,0,2347924.038211392,12,100
2024-12-11,1185994.9817673075,0,2359957.0008730036,12,100
2024-12-12,1162024.4394654552,0,2335986.4585711514,12,100
2024-12-13,1205373.0304347668,0,2379335.049540463,12,100
2024-12-16,1241577.7928076023,0,2415539.8119132984,12,100
2024-12-17,1206247.7695719353,0,2380209.7886776314,12,100
2024-12-18,1112048.304733344,0,2286010.32383904,12,100
2024-12-19,1113833.5623167567,0,2287795.581422453,12,100
2024-12-20,1145318.4804536644,0,2319280.4995593606,12,100
2024-12-23,1158257.1948633837,0,2332219.21396908,12,100
2024-12-24,1173701.7677874488,0,2347403.5355748977,12,100
2024-12-26,1180857.2396955055,0,2354559.0074829543,12,100
2024-12-27,1156310.2422531804,0,2330012.010040629,12,100
2024-12-30,1129887.7809687767,0,2303589.5487562255,12,100
2024-12-31,1125006.6688225137,0,2298708.4366099625,12,100
2025-01-02,1122307.091256379,0,2296008.8590438277,12,100
2025-01-03,1137779.013971242,0,2311480.7817586907,12,100
2025-01-06,1143797.1477198566,0,2317498.9155073054,12,100
2025-01-07,1109818.7105914098,0,2219637.4211828196,12,100
2025-01-08,1119246.7622477845,0,2229065.4728391943,12,100
2025-01-10,1077434.2734412537,0,2187252.9840326635,12,100
2025-01-13,1090440.1690778271,0,2200258.879669237,12,100
2025-01-14,1116493.2689225967,0,2226311.9795140065,12,100
2025-01-15,1164051.1451382781,0,2273869.855729688,12,100
2025-01-16,1175217.98907677,0,2285036.6996681797,12,100
2025-01-17,1203894.7286177082,0,2313713.439209118,12,100
2025-01-21,1223304.7839175514,0,2446609.5678351033,12,100
2025-01-22,1230313.9900170881,0,2453618.77393464,12,100
2025-01-23,1258364.6538801682,0,2481669.43779772,12,100
2025-01-24,1255453.4037165036,0,2478758.1876340555,12,100
2025-01-27,1196627.2449966213,0,2419932.028914173,12,100
2025-01-28,1207563.7719528633,0,2430868.555870415,12,100
2025-01-29,1214484.1269986113,0,2437788.910916163,12,100
2025-01-30,1260599.970777731,0,2483904.754695283,12,100
2025-01-31,1251920.0829445566,0,2475224.8668621085,12,100
2025-02-03,1227419.1102523366,0,2450723.8941698885,12,100
2025-02-04,1215108.9024950238,0,2430217.804990047,12,100
2025-02-05,1250118.9307135483,0,2465227.8332085717,12,100
2025-02-06,1277244.030261153,0,2492352.932756176,12,100
2025-02-07,1255444.135614898,0,2470553.0381099214,12,100
2025-02-10,1250318.510183306,0,2465427.4126783293,12,100
2025-02-11,1259244.6912809168,0,2474353.59377594,12,100
2025-02-12,1243989.1062579225,0,2459098.008752946,12,100
2025-02-13,1246627.774545927,0,2461736.6770409504,12,100
2025-02-14,1257176.5548795154,0,2472285.4573745388,12,100
2025-02-18,1254459.1699662614,0,2508918.339932523,12,100
2025-02-19,1257343.2350390106,0,2511802.4050052725,12,100
2025-02-20,1196205.3845311268,0,2450664.5544973887,12,100
2025-02-21,1149387.7686264734,0,2403846.938592735,12,100
2025-02-24,1135005.4130321844,0,2389464.582998446,12,100
2025-02-25,1128315.485498454,0,2382774.655464716,12,100
2025-02-26,1146113.298165726,0,2400572.468131988,12,100
2025-02-27,1124689.1109002,0,2379148.280866462,12,100
2025-02-28,1171602.9211949473,0,2426062.091161209,12,100
2025-03-03,1129399.6900611124,0,2383858.8600273742,12,100
2025-03-04,1017691.7620356226,0,2035383.5240712452,12,100
2025-03-05,1034525.0293024535,0,2052216.7913380761,12,100
2025-03-06,1003415.9827706997,0,2021107.7448063223,12,100
2025-03-07,999029.4500761075,0,2016721.2121117301,12,100
2025-03-10,963796.1915246522,0,1981487.9535602748,12,100
2025-03-11,944794.225875829,0,1962485.9879114516,12,100
2025-03-12,955516.6848605383,0,1973208.446896161,12,100
2025-03-13,938870.3222530115,0,1956562.0842886341,12,100
2025-03-14,970023.2757703207,0,1987715.0378059433,12,100
2025-03-17,1003273.6631705576,0,2020965.4252061802,12,100
2025-03-18,964983.0407796337,0,1929966.081559268,12,100
2025-03-19,975712.8998251609,0,1940695.9406047952,12,100
2025-03-20,967851.3109186538,0,1932834.3516982882,12,100
2025-03-21,961421.7267161142,0,1926404.7674957486,12,100
2025-03-24,979582.3723090959,0,1944565.4130887303,12,100
2025-03-25,984805.7745326033,0,1949788.8153122377,12,100
2025-03-26,987314.575538164,0,1952297.6163177984,12,100
2025-03-27,991077.6961053212,0,1956060.7368849555,12,100
2025-03-28,975301.5571466137,0,1940284.597926248,12,100
2025-03-31,999567.6813039512,0,1964550.7220835856,12,100
2025-04-01,981811.9992503488,0,1963623.9985006982,12,100
2025-04-02,974748.3404671488,0,1956560.3397174983,12,100
2025-04-03,958139.2564825007,0,1939951.2557328502,12,100
2025-04-04,823510.9726449918,0,1805322.9718953413,12,100
2025-04-07,818597.8990355838,0,1800409.8982859333,12,100
2025-04-08,810129.7040959288,0,1791941.7033462783,12,100
2025-04-09,895836.1224468396,0,1877648.121697189,12,100
2025-04-10,891230.7551676898,0,1873042.7544180392,12,100
2025-04-11,931224.5805927686,0,1913036.579843118,12,100
2025-04-14,959773.1254066046,0,1941585.124656954,12,100
2025-04-15,935429.2053335813,0,1870858.4106671633,12,100
2025-04-16,920446.9010783291,0,1855876.106411911,12,100
2025-04-17,925543.6119150455,0,1860972.8172486275,12,100
2025-04-21,896283.5197950798,0,1831712.7251286618,12,100
2025-04-22,942818.2773326548,0,1878247.4826662368,12,100
2025-04-23,944936.7633460275,0,1880365.9686796095,12,100
2025-04-24,961455.801461327,0,1896885.006794909,12,100
2025-04-25,930282.1942635701,0,1865711.3995971521,12,100
2025-04-28,941392.5323907133,0,1876821.7377242954,12,100
2025-04-29,911133.8100946806,0,1822267.6201893615,12,100
2025-04-30,927865.2173423423,0,1838999.0274370231,12,100
2025-05-01,922152.2639128645,0,1833286.0740075454,12,100
2025-05-02,947968.6769718416,0,1859102.4870665225,12,100
2025-05-05,956217.6436968062,0,1867351.453791487,12,100
2025-05-06,953338.3385829714,0,1864472.1486776522,12,100
2025-05-07,963076.6633704957,0,1874210.4734651765,12,100
2025-05-08,944350.5429471929,0,1855484.3530418738,12,100
2025-05-09,937975.1190839938,0,1849108.9291786747,12,100
2025-05-12,934349.9643519076,0,1845483.7744465885,12,100
2025-05-13,903580.0944071152,0,1807160.188814231,12,100
2025-05-14,897710.7176414299,0,1801290.8120485456,12,100
2025-05-15,925872.6489079789,0,1829452.7433150946,12,100
2025-05-16,944658.9681714076,0,1848239.0625785233,12,100
2025-05-19,956963.5993075377,0,1860543.6937146534,12,100
2025-05-20,961759.0058382329,0,1865339.1002453486,12,100
2025-05-21,937194.4138334751,0,1840774.5082405908,12,100
2025-05-22,931319.9305468536,0,1834900.0249539693,12,100
2025-05-23,935620.7078497427,0,1839200.8022568584,12,100
2025-05-27,942624.246598377,0,1885248.4931967547,12,100
2025-05-28,936742.8508036161,0,1879367.0974019938,12,100
2025-05-29,941755.2652098368,0,1884379.5118082145,12,100
2025-05-30,951504.1972093174,0,1894128.443807695,12,100
2025-06-02,963266.3812747175,0,1905890.6278730952,12,100
2025-06-03,973747.5649754159,0,1916371.8115737936,12,100
2025-06-04,963655.2826206587,0,1906279.5292190365,12,100
2025-06-05,968085.0289637978,0,1910709.2755621755,12,100
2025-06-06,969537.0166332758,0,1912161.2632316535,12,100
2025-06-09,961968.5444148203,0,1904592.791013198,12,100
2025-06-10,935042.8283384832,0,1870085.6566769667,12,100
2025-06-11,946340.0812284594,0,1881382.9095669428,12,100
2025-06-12,973225.1285443249,0,1908267.9568828084,12,100
2025-06-13,968658.621110405,0,1903701.4494488884,12,100
2025-06-16,980484.5198546498,0,1915527.3481931332,12,100
2025-06-17,969298.7895587905,0,1904341.617897274,12,100
2025-06-18,976308.2236595341,0,1911351.0519980176,12,100
2025-06-20,975061.1281915504,0,1910103.9565300338,12,100
2025-06-23,997261.565820905,0,1932304.3941593885,12,100
2025-06-24,999261.4855751101,0,1998522.9711502206,12,100
2025-06-25,985619.8007102058,0,1984881.2862853163,12,100
2025-06-26,1005350.4466883192,0,2004611.9322634297,12,100
2025-06-27,1015995.4134290336,0,2015256.8990041441,12,100
2025-06-30,1045642.5610211423,0,2044904.0465962528,12,100
2025-07-01,1026547.4932210039,0,2025808.9787961144,12,100
2025-07-02,1026054.0043101382,0,2025315.4898852487,12,100
2025-07-03,1050337.2509041163,0,2049598.736479227,12,100
2025-07-07,1048867.75761487,0,2048129.2431899807,12,100
2025-07-08,1011983.1060253206,0,2023966.2120506407,12,100
2025-07-09,1026450.7557402238,0,2038433.861765544,12,100
2025-07-10,1029612.5462289093,0,2041595.6522542294,12,100
2025-07-11,1007806.622507956,0,2019789.7285332761,12,100
2025-07-14,1025658.1717993974,0,2037641.2778247176,12,100
2025-07-15,1021722.9612621184,0,2033706.0672874385,12,100
2025-07-16,1034682.6525487887,0,2046665.7585741088,12,100
2025-07-17,1037371.3724706917,0,2049354.4784960118,12,100
2025-07-18,1029451.4515501013,0,2041434.5575754214,12,100
2025-07-21,1033325.9851785483,0,2045309.0912038684,12,100
2025-07-22,980014.4379192538,0,1960028.875838508,12,100
2025-07-23,1001980.7457511112,0,1981995.1836703653,12,100
2025-07-24,993638.8989241727,0,1973653.3368434268,12,100
2025-07-25,1008006.5449745114,0,1988020.9828937654,12,100
2025-07-28,1002716.1741314757,0,1982730.6120507298,12,100
2025-07-29,1011923.4801545945,0,1991937.9180738486,12,100
2025-07-30,1015043.5717611335,0,1995058.0096803876,12,100
2025-07-31,997219.7249723243,0,1977234.1628915784,12,100
2025-08-01,972568.0618690703,0,1952582.4997883243,12,100
2025-08-04,1004952.3473370537,0,1984966.7852563078,12,100
2025-08-05,978314.4201483259,0,1956628.8402966512,12,100
2025-08-06,987105.0722248256,0,1965419.492373151,12,100
2025-08-07,981429.5028961096,0,1959743.923044435,12,100
2025-08-08,1014872.898268492,0,1993187.3184168173,12,100
2025-08-11,1014287.8507704625,0,1992602.270918788,12,100
2025-08-12,1025315.5330266054,0,2003629.9531749308,12,100
2025-08-13,1002681.8859896318,0,1980996.3061379571,12,100
2025-08-14,998805.5889323922,0,1977120.0090807176,12,100
2025-08-15,983134.8151389221,0,1961449.2352872475,12,100
2025-08-18,987607.3069145984,0,1965921.7270629238,12,100
2025-08-19,948528.868245095,0,1897057.7364901903,12,100
2025-08-20,952258.508157593,0,1900787.3764026882,12,100
2025-08-21,946893.8071758153,0,1895422.6754209106,12,100
2025-08-22,963183.1726602016,0,1911712.0409052968,12,100
2025-08-25,958522.868186705,0,1907051.7364318003,12,100
2025-08-26,971605.8842429058,0,1920134.752488001,12,100
2025-08-27,977532.2623330201,0,1926061.1305781153,12,100
2025-08-28,986025.0889249705,0,1934553.9571700657,12,100
2025-08-29,969855.1835454367,0,1918384.051790532,12,100
2025-09-02,939625.0869283858,0,1879250.1738567713,12,100
2025-09-03,938886.5222799771,0,1878511.6092083626,12,100
2025-09-04,962762.799689953,0,1902387.8866183385,12,100
2025-09-05,959377.6950268922,0,1899002.7819552778,12,100
2025-09-08,969290.2855078299,0,1908915.3724362154,12,100
2025-09-09,983078.8790357935,0,1922703.965964179,12,100
2025-09-10,1068028.1752516318,0,2007653.2621800173,12,100
2025-09-11,1066250.2014471076,0,2005875.2883754931,12,100
2025-09-12,1050615.9236034802,0,1990241.0105318658,12,100
2025-09-15,1062261.7140043809,0,2001886.8009327664,12,100
2025-09-16,1037834.5583373776,0,2075669.1166747557,12,100
2025-09-17,1040120.4370871638,0,2077954.9954245419,12,100
2025-09-18,1051799.1500111418,0,2089633.7083485199,12,100
2025-09-19,1072536.9251779255,0,2110371.4835153036,12,100
2025-09-22,1085831.77446568,0,2123666.332803058,12,100
2025-09-23,1078199.8853843685,0,2116034.4437217466,12,100
2025-09-24,1054560.4640123756,0,2092395.0223497536,12,100
2025-09-25,1050734.3998323642,0,2088568.9581697423,12,100
2025-09-26,1055594.5271220666,0,2093429.0854594447,12,100
2025-09-29,1052564.5251517335,0,2090399.0834891116,12,100
2025-09-30,1026666.5523405047,0,2053333.1046810094,12,100
2025-10-01,1014433.6393473765,0,2041100.1916878812,12,100
2025-10-02,1009934.3766745927,0,2036600.9290150974,12,100
2025-10-03,1013062.5656784051,0,2039729.1180189098,12,100
2025-10-06,1024769.6898890873,0,2051436.242229592,12,100
2025-10-07,1017577.3967500252,0,2044243.94909053,12,100
2025-10-08,1018591.3608165313,0,2045257.913157036,12,100
2025-10-09,1009927.2838534119,0,2036593.8361939166,12,100
2025-10-10,965049.4902023096,0,1991716.0425428143,12,100
2025-10-13,1022553.1082873305,0,2049219.6606278352,12,100
2025-10-14,1005430.9958337813,0,2010861.9916675633,12,100
2025-10-15,1038693.2524930066,0,2044124.2483267887,12,100
2025-10-16,1030376.4311329795,0,2035807.4269667615,12,100
2025-10-17,1007625.7186895031,0,2013056.7145232852,12,100
2025-10-20,1033834.368771055,0,2039265.364604837,12,100
2025-10-21,1006472.179461695,0,2011903.175295477,12,100
2025-10-22,978581.4028585611,0,1984012.3986923432,12,100
2025-10-23,1002944.0323581116,0,2008375.0281918936,12,100
2025-10-24,1021175.7770748185,0,2026606.7729086005,12,100
2025-10-27,1036816.5363436192,0,2042247.5321774012,12,100
2025-10-28,1025131.371538427,0,2050262.7430768544,12,100
2025-10-29,1043636.4232217625,0,2068767.79476019,12,100
2025-10-30,1072909.241447204,0,2098040.6129856315,12,100
2025-10-31,1066040.750224381,0,2091172.1217628084,12,100
2025-11-03,1055864.413509931,0,2080995.7850483584,12,100
2025-11-04,1027383.6337539644,0,2052515.0052923919,12,100
2025-11-05,1057005.5431333762,0,2082136.9146718036,12,100
2025-11-06,1054923.8264005291,0,2080055.1979389566,12,100
2025-11-07,1059960.3182872117,0,2085091.6898256391,12,100
2025-11-10,1095048.4188236243,0,2120179.7903620517,12,100
2025-11-11,1074291.0248894359,0,2148582.049778872,12,100
2025-11-12,1094737.796500109,0,2169028.821389545,12,100
2025-11-13,1039519.9556477389,0,2113810.980537175,12,100
2025-11-14,1035791.4606823961,0,2110082.4855718324,12,100
2025-11-17,1010005.5579887799,0,2084296.5828782162,12,100
2025-11-18,1006811.45487439,0,2081102.4797638264,12,100
2025-11-19,1023771.8862888415,0,2098062.911178278,12,100
2025-11-20,979612.0845863367,0,2053903.109475773,12,100
2025-11-21,985575.7338673598,0,2059866.7587567961,12,100
2025-11-24,1037754.0062336673,0,2112045.0311231036,12,100
2025-11-25,1033512.3214363001,0,2067024.6428725997,12,100
2025-11-26,1051600.5041122055,0,2085112.8255485052,12,100
2025-11-28,1054799.379863014,0,2088311.7012993137,12,100
